model_id,equation,regressor,posterior_mean,posterior_median,posterior_sd,q025,q05,q16,q84,q95,q975,prob_gt_zero,prob_lt_zero,excludes_zero_68,excludes_zero_90,excludes_zero_95,draws
BVAR-SV-final-p1,Brent_ret,Brent_ret.l1,0.041958470906744906,0.041557259413477515,0.07945004239776503,-0.11164983684851135,-0.08778321866281068,-0.036791238433240815,0.12026693263708395,0.17343017973558772,0.199561595012566,0.70265,0.29735,FALSE,FALSE,FALSE,60000
BVAR-SV-final-p1,Brent_ret,Bund2Y_change.l1,-0.0011277537550075918,-0.0027171188411114723,1.3446215780763144,-2.7912349398133682,-2.2379380138306577,-1.1967879670817552,1.1844209203363918,2.255257195178828,2.8158634440428996,0.4978666666666667,0.5021333333333333,FALSE,FALSE,FALSE,60000
BVAR-SV-final-p1,Brent_ret,CISS_change.l1,-0.0011403887526710277,-3.9958128321031065e-4,0.029288044102554398,-0.06313846617591409,-0.05055246366105599,-0.02709444799391818,0.024780721265293962,0.0469214843739707,0.058701187309409576,0.48643333333333333,0.5135666666666666,FALSE,FALSE,FALSE,60000
BVAR-SV-final-p1,Brent_ret,CPI_yoy_change.l1,0.20729928104210255,0.12488882377744531,0.7257925867421887,-1.1828435308921668,-0.9230549100386236,-0.4204361504861398,0.8843106774459099,1.4830025094619435,1.8029768195433038,0.6044333333333334,0.3955666666666667,FALSE,FALSE,FALSE,60000
BVAR-SV-final-p1,Brent_ret,EUA_ret.l1,0.00482764099856334,0.002516895004352323,0.023054441508156904,-0.039882429179326495,-0.031402513079643125,-0.015151226140751163,0.02603798412798084,0.044912281079946485,0.05536428897946029,0.576,0.424,FALSE,FALSE,FALSE,60000
BVAR-SV-final-p1,Brent_ret,GreenBond_relative.l1,-0.13122328356769974,-0.05721795314032742,0.9999033804106306,-2.3112531094972293,-1.8594742132004185,-1.03665571731309,0.7521814382606153,1.4760050625839045,1.8509815001969676,0.454,0.546,FALSE,FALSE,FALSE,60000
BVAR-SV-final-p1,Brent_ret,GreenEquity_relative.l1,0.004361223485737003,0.0019138564164800742,0.04477562198529003,-0.08691296908518156,-0.06880927031426227,-0.03492411325934636,0.0451131118163992,0.08096901404632899,0.09972198907164252,0.5354666666666666,0.46453333333333335,FALSE,FALSE,FALSE,60000
BVAR-SV-final-p1,Brent_ret,IP_growth.l1,-0.016531100232945028,-0.008126497631708552,0.11100251501159293,-0.2541336822933136,-0.20593713868654756,-0.11502143917821711,0.07877046172248195,0.16113192029029189,0.20529429793969917,0.44265,0.55735,FALSE,FALSE,FALSE,60000
BVAR-SV-final-p1,Brent_ret,Power_ret.l1,0.006730112686249287,0.0033041893342866616,0.05150637046991554,-0.09591911973599428,-0.07705392039117302,-0.039030134805384004,0.05422710926410146,0.09478447815513635,0.11615693692761728,0.5486,0.4514,FALSE,FALSE,FALSE,60000
BVAR-SV-final-p1,Brent_ret,TTF_ret.l1,0.0026759109109045364,0.0014187109082931188,0.013919043730839846,-0.02492037229226093,-0.019528499259962237,-0.009409276053379132,0.015378315344533471,0.026892134760324277,0.03294802231575393,0.5701833333333334,0.4298166666666667,FALSE,FALSE,FALSE,60000
BVAR-SV-final-p1,Brent_ret,intercept,0.0028203630660021866,0.0028197878052423327,0.0075744206846751075,-0.011909803883341959,-0.00954815050399963,-0.004705716503723097,0.010346967870896366,0.015335608363613085,0.017780022431766834,0.6449333333333334,0.35506666666666664,FALSE,FALSE,FALSE,60000
BVAR-SV-final-p1,Bund2Y_change,Brent_ret.l1,1.3570834152631204e-4,1.0723865675836672e-4,2.9191844014304365e-4,-4.222277391673492e-4,-3.171641837731835e-4,-1.1765722615212569e-4,4.171143748617505e-4,6.456630924938098e-4,7.651684466724532e-4,0.6801166666666667,0.31988333333333335,FALSE,FALSE,FALSE,60000
BVAR-SV-final-p1,Bund2Y_change,Bund2Y_change.l1,-0.11713123266278558,-0.1162642838078531,0.08077968338231546,-0.2776328651504145,-0.2509601544515068,-0.19663549399299113,-0.03749009887877583,0.014370193963623724,0.03946967542807214,0.07118333333333333,0.9288166666666666,TRUE,FALSE,FALSE,60000
BVAR-SV-final-p1,Bund2Y_change,CISS_change.l1,-5.862616314143845e-5,-3.2571592448773685e-5,4.0846901569152133e-4,-9.174432954468657e-4,-7.497198487752906e-4,-4.384043396100574e-4,3.053843843185276e-4,6.116224532955072e-4,7.744386065591097e-4,0.44355,0.55645,FALSE,FALSE,FALSE,60000
BVAR-SV-final-p1,Bund2Y_change,CPI_yoy_change.l1,0.006807501879383263,0.005353550903898134,0.011150816631280966,-0.013038145074956365,-0.009315190924951578,-0.002734585592380377,0.017642829806214254,0.026893404596216003,0.03188890600236596,0.7278833333333333,0.2721166666666667,FALSE,FALSE,FALSE,60000
BVAR-SV-final-p1,Bund2Y_change,EUA_ret.l1,-6.413551607248249e-6,-1.6692837195785523e-6,3.1291626942164363e-4,-6.646890159894227e-4,-5.308705071609582e-4,-2.9291366251556157e-4,2.7852502163084025e-4,5.136786299196368e-4,6.304410112776398e-4,0.49488333333333334,0.5051166666666667,FALSE,FALSE,FALSE,60000
BVAR-SV-final-p1,Bund2Y_change,GreenBond_relative.l1,-0.01542342615555216,-0.01508354429767593,0.012215403216424885,-0.04026476425060604,-0.03618874106726516,-0.027795083344617083,-0.001991118053578653,0.002020454758046906,0.004980316730916272,0.09923333333333334,0.9007666666666667,TRUE,FALSE,FALSE,60000
BVAR-SV-final-p1,Bund2Y_change,GreenEquity_relative.l1,1.4566387481629303e-4,9.353849372128374e-5,5.921785377282399e-4,-0.0010349609122556735,-8.047711197256567e-4,-3.78337833668949e-4,7.005077743726247e-4,0.0011718299949766116,0.0014083662121094711,0.5954166666666667,0.40458333333333335,FALSE,FALSE,FALSE,60000
BVAR-SV-final-p1,Bund2Y_change,IP_growth.l1,-2.3654283551190073e-4,-1.4018342289847323e-4,0.0014094949976514465,-0.0031630691079390693,-0.002621362241320081,-0.0015616248997499893,0.0010309363227338204,0.0020636678889456284,0.0026200244162461715,0.43338333333333334,0.5666166666666667,FALSE,FALSE,FALSE,60000
BVAR-SV-final-p1,Bund2Y_change,Power_ret.l1,3.1094881505527915e-4,2.0594472769143286e-4,7.977290346339429e-4,-0.0011592237398718815,-8.866288246960698e-4,-3.7181774031692786e-4,0.001057341999797673,0.0017305939142473485,0.002094165013149515,0.64385,0.35615,FALSE,FALSE,FALSE,60000
BVAR-SV-final-p1,Bund2Y_change,TTF_ret.l1,5.0421037197554706e-5,3.267787538567364e-5,1.9377810418163305e-4,-3.3352844171592223e-4,-2.573377453331345e-4,-1.2038127617222503e-4,2.3163382682897578e-4,3.84820870394562e-4,4.65377996948558e-4,0.6,0.4,FALSE,FALSE,FALSE,60000
BVAR-SV-final-p1,Bund2Y_change,intercept,-1.1221848799713812e-4,-1.1223429053643169e-4,6.496397824293778e-5,-2.4017918540057275e-4,-2.1828298157128742e-4,-1.7632800729453489e-4,-4.784216139638419e-5,-5.9548250915903555e-6,1.5919241065683445e-5,0.0416,0.9584,TRUE,TRUE,FALSE,60000
BVAR-SV-final-p1,CISS_change,Brent_ret.l1,-0.01249318948683957,-0.009985434762131595,0.016730984105909282,-0.05052679081618485,-0.04312573855043143,-0.029028032047496162,0.0018256773446672667,0.010689351683349453,0.015500030479403423,0.22388333333333332,0.7761166666666667,FALSE,FALSE,FALSE,60000
BVAR-SV-final-p1,CISS_change,Bund2Y_change.l1,0.47263876005030364,0.3199093096140064,1.037794714281581,-1.3810006341734362,-1.0458153356542406,-0.41530434891744167,1.451046231665196,2.347354159988109,2.830159511631145,0.6656333333333333,0.33436666666666665,FALSE,FALSE,FALSE,60000
BVAR-SV-final-p1,CISS_change,CISS_change.l1,-0.1910033684095157,-0.18949442762049462,0.07607447864027177,-0.344862526460894,-0.31892539733881464,-0.2660327774505347,-0.11582528671739249,-0.06820986031224684,-0.04534628752581154,0.0038833333333333333,0.9961166666666667,TRUE,TRUE,TRUE,60000
BVAR-SV-final-p1,CISS_change,CPI_yoy_change.l1,0.028435054005686636,0.012436389146578238,0.43777919719437725,-0.8504437624017391,-0.6868772229902442,-0.3709711134161869,0.43289816701371786,0.7733358605582203,0.9463846346333077,0.5218833333333334,0.4781166666666667,FALSE,FALSE,FALSE,60000
BVAR-SV-final-p1,CISS_change,EUA_ret.l1,0.0047908995725799534,0.0031842979946120906,0.01358423083000939,-0.02096031376316045,-0.016056442064870526,-0.007139246117293397,0.017828059581780006,0.028802527397149464,0.03448538031427452,0.6292333333333333,0.3707666666666667,FALSE,FALSE,FALSE,60000
BVAR-SV-final-p1,CISS_change,GreenBond_relative.l1,0.7529765399054931,0.7784009018201872,0.5403609722967845,-0.20332290473847928,-0.06902466566164883,0.1420368672988061,1.281646011445386,1.6132018098234817,1.7929438326958806,0.9137,0.0863,TRUE,FALSE,FALSE,60000
BVAR-SV-final-p1,CISS_change,GreenEquity_relative.l1,-0.012667448572060548,-0.00900837882959265,0.025807467993672662,-0.07044208471672797,-0.059251435166891776,-0.03810735832832902,0.010469841960541928,0.02526797332824316,0.03289054621673459,0.32915,0.67085,FALSE,FALSE,FALSE,60000
BVAR-SV-final-p1,CISS_change,IP_growth.l1,-0.034680873382392736,-0.025098085949732576,0.07696464007013136,-0.20418935088609838,-0.17100556405396516,-0.10832602601375484,0.030531434525868317,0.08175469496400915,0.10985710135181968,0.3282833333333333,0.6717166666666666,FALSE,FALSE,FALSE,60000
BVAR-SV-final-p1,CISS_change,Power_ret.l1,0.031430821162684454,0.028540606287993323,0.03224162881839446,-0.023191051682863967,-0.01355677615224774,-3.128446934002108e-5,0.06387448797092857,0.08873711645499456,0.1007279586574701,0.8394166666666667,0.16058333333333333,FALSE,FALSE,FALSE,60000
BVAR-SV-final-p1,CISS_change,TTF_ret.l1,0.002647730644877071,0.0019353963495649064,0.008788737284814024,-0.015073090403164069,-0.011530512897262956,-0.005070832170115031,0.010993767220578637,0.017689978132353526,0.02102511167465964,0.6223333333333333,0.37766666666666665,FALSE,FALSE,FALSE,60000
BVAR-SV-final-p1,CISS_change,intercept,-0.0024392525939142024,-0.002303581535207046,0.0023786153576126866,-0.007459763604524834,-0.006574290860533548,-0.0047999220824794945,-8.153350402991818e-5,0.001230350672458854,0.001846765021256989,0.15043333333333334,0.8495666666666667,TRUE,FALSE,FALSE,60000
BVAR-SV-final-p1,CPI_yoy_change,Brent_ret.l1,7.984192542672399e-4,6.466538365570774e-4,8.40526153693409e-4,-3.906444071805678e-4,-2.2961655806955374e-4,7.649391797677122e-6,0.001614515765503391,0.002390521347266618,0.0028118851968644597,0.84935,0.15065,TRUE,FALSE,FALSE,60000
BVAR-SV-final-p1,CPI_yoy_change,Bund2Y_change.l1,0.007245144760471582,0.0037588162319593284,0.04154583988343273,-0.07554187485670737,-0.05869007016025472,-0.028705105389950032,0.044739602862148245,0.07860256811524392,0.0973026563517891,0.5656166666666667,0.43438333333333334,FALSE,FALSE,FALSE,60000
BVAR-SV-final-p1,CPI_yoy_change,CISS_change.l1,-1.2903180225954855e-4,-6.48704646089092e-5,8.42835625813085e-4,-0.001918039523177722,-0.0015688335719702406,-8.952803698473249e-4,6.03916690735257e-4,0.0012300347603354076,0.0015683054179725443,0.4423666666666667,0.5576333333333333,FALSE,FALSE,FALSE,60000
BVAR-SV-final-p1,CPI_yoy_change,CPI_yoy_change.l1,0.23685325860126885,0.2362223224083939,0.08234121400134786,0.0771988870629052,0.10219623672823794,0.15482998409251786,0.3185190176848401,0.3732944975541773,0.40092307727711324,0.9985666666666667,0.0014333333333333333,TRUE,TRUE,TRUE,60000
BVAR-SV-final-p1,CPI_yoy_change,EUA_ret.l1,-1.8410090384240408e-4,-9.969085689926414e-5,6.833336996191677e-4,-0.0017038109101898684,-0.0013929079943155805,-8.088142815488933e-4,3.999207338352659e-4,8.637871479606282e-4,0.001112741269800498,0.4045,0.5955,FALSE,FALSE,FALSE,60000
BVAR-SV-final-p1,CPI_yoy_change,GreenBond_relative.l1,-0.020966497428381223,-0.01613509788822934,0.030618217467124228,-0.0910339742813173,-0.07743612373299685,-0.05076739002053346,0.005074581233344402,0.0212091368532043,0.030398923158463386,0.25,0.75,FALSE,FALSE,FALSE,60000
BVAR-SV-final-p1,CPI_yoy_change,GreenEquity_relative.l1,-3.7825270428945626e-5,-1.394278168999939e-5,0.0013065716531070074,-0.002781509233975981,-0.0022213116021171228,-0.0011962125068087398,0.001118667733060862,0.0021161039915075716,0.002641530073610331,0.4898666666666667,0.5101333333333333,FALSE,FALSE,FALSE,60000
BVAR-SV-final-p1,CPI_yoy_change,IP_growth.l1,9.616338396928783e-4,6.071241348883508e-4,0.003092554654163356,-0.005030921374924509,-0.003844009952035201,-0.0016698344085969905,0.0038385716786154623,0.006389381133195533,0.007762768114568347,0.6179333333333333,0.38206666666666667,FALSE,FALSE,FALSE,60000
BVAR-SV-final-p1,CPI_yoy_change,Power_ret.l1,9.138793055551036e-4,6.506084521537333e-4,0.0016821472776404438,-0.002016193247298862,-0.00148593049146933,-5.138471323058812e-4,0.002513891853118417,0.00399058247414207,0.004774315448451268,0.69895,0.30105,FALSE,FALSE,FALSE,60000
BVAR-SV-final-p1,CPI_yoy_change,TTF_ret.l1,1.972595834414887e-4,1.2993578478132767e-4,4.3377315455884894e-4,-5.784984423233636e-4,-4.3303789633504654e-4,-1.656297044073781e-4,6.049767086663786e-4,9.871394465256296e-4,0.001181598752133621,0.66865,0.33135,FALSE,FALSE,FALSE,60000
BVAR-SV-final-p1,CPI_yoy_change,intercept,9.839390471654248e-5,9.714005839731515e-5,2.2538397957895848e-4,-3.424881106241666e-4,-2.713056915847209e-4,-1.2576493560370757e-4,3.224987627100371e-4,4.7048184077974733e-4,5.407453489338419e-4,0.6669166666666667,0.33308333333333334,FALSE,FALSE,FALSE,60000
BVAR-SV-final-p1,EUA_ret,Brent_ret.l1,-9.922472693396818e-4,-4.4687962767023026e-4,0.02039938112508072,-0.04362517786290856,-0.035326866798380464,-0.019212050284843327,0.01716566293464675,0.03237208951407257,0.04070193053936396,0.4806166666666667,0.5193833333333333,FALSE,FALSE,FALSE,60000
BVAR-SV-final-p1,EUA_ret,Bund2Y_change.l1,0.277573033085644,0.14940957582141412,1.326592410627931,-2.2962595707533167,-1.8032126647108317,-0.8704374018643165,1.4759446336336688,2.581470529344012,3.166373750200839,0.5786666666666667,0.42133333333333334,FALSE,FALSE,FALSE,60000
BVAR-SV-final-p1,EUA_ret,CISS_change.l1,0.010780783241163695,0.0066722072373114,0.028779675905440744,-0.04244502757272368,-0.03212958343309512,-0.013623537125277816,0.037638385476208784,0.06258719452945204,0.0754100448588845,0.6344833333333333,0.36551666666666666,FALSE,FALSE,FALSE,60000
BVAR-SV-final-p1,EUA_ret,CPI_yoy_change.l1,0.43763761515362015,0.30585579989808176,0.770709923388408,-0.8562311331402387,-0.6321390108942688,-0.20925990401929015,1.1599447307253241,1.86554385249229,2.246107349669124,0.7083666666666667,0.29163333333333336,FALSE,FALSE,FALSE,60000
BVAR-SV-final-p1,EUA_ret,EUA_ret.l1,-0.010710059359104247,-0.01079059769678532,0.07704090147613736,-0.1614811521309788,-0.13720813717679495,-0.08738611249385579,0.06579182026634184,0.11599843521813546,0.14111722741281926,0.4443166666666667,0.5556833333333333,FALSE,FALSE,FALSE,60000
BVAR-SV-final-p1,EUA_ret,GreenBond_relative.l1,-0.034073304113961006,-0.010847396501870606,0.8770048821538227,-1.8795282832768028,-1.5146137081941515,-0.8303852720622225,0.7530026280619961,1.4049441405508998,1.7655708729707662,0.4886333333333333,0.5113666666666666,FALSE,FALSE,FALSE,60000
BVAR-SV-final-p1,EUA_ret,GreenEquity_relative.l1,-0.009026663456486153,-0.004765035514037326,0.04254100015402457,-0.10222209351637315,-0.08366575279071013,-0.04803049292070894,0.027929546275342755,0.05807074876511782,0.07421356807650147,0.42145,0.57855,FALSE,FALSE,FALSE,60000
BVAR-SV-final-p1,EUA_ret,IP_growth.l1,0.009069613323888078,0.0037842180300965687,0.10162391408435606,-0.19735892146763523,-0.15612990970979343,-0.08015735444553543,0.10014008974431277,0.18064275242848638,0.22615424291782793,0.5318833333333334,0.4681166666666667,FALSE,FALSE,FALSE,60000
BVAR-SV-final-p1,EUA_ret,Power_ret.l1,-0.03999836834664852,-0.030480944564604782,0.05653289605280101,-0.17188947613800426,-0.14548273608484819,-0.0947560064591201,0.008057590409305855,0.0363540189517437,0.052334010860560755,0.23886666666666667,0.7611333333333333,FALSE,FALSE,FALSE,60000
BVAR-SV-final-p1,EUA_ret,TTF_ret.l1,-0.013555184399482903,-0.010517310809556844,0.01634928191820545,-0.05253127461134757,-0.044481067092899604,-0.02930570047554164,6.485421443129818e-4,0.007076375933813036,0.010917264345297242,0.1927,0.8073,FALSE,FALSE,FALSE,60000
BVAR-SV-final-p1,EUA_ret,intercept,0.020279880014139866,0.020238791316282916,0.0081561656242424,0.004330299238720558,0.006910587932309042,0.012264964688950272,0.028389987188595603,0.033754090823153574,0.03633081489285301,0.99305,0.00695,TRUE,TRUE,TRUE,60000
BVAR-SV-final-p1,GreenBond_relative,Brent_ret.l1,-9.106197931178428e-5,-5.3348381075775114e-5,4.2767221818765114e-4,-0.0010005401454971934,-8.240981227051593e-4,-4.876614404135354e-4,2.830638387249526e-4,5.921994541550063e-4,7.598654206592345e-4,0.4174333333333333,0.5825666666666667,FALSE,FALSE,FALSE,60000
BVAR-SV-final-p1,GreenBond_relative,Bund2Y_change.l1,-0.020715459263071587,-0.015341802195172206,0.03188289215835487,-0.09425852084350815,-0.07943769527031114,-0.05143094065692825,0.006157773780489667,0.02319996308804247,0.032669263195581125,0.26038333333333336,0.7396166666666667,FALSE,FALSE,FALSE,60000
BVAR-SV-final-p1,GreenBond_relative,CISS_change.l1,-2.3533468531224572e-4,-1.5474760884640488e-4,6.20244821008231e-4,-0.0016327901151041136,-0.0013436845082469245,-8.15067085218964e-4,2.961087403876635e-4,7.013906413863336e-4,9.108262515743022e-4,0.35885,0.64115,FALSE,FALSE,FALSE,60000
BVAR-SV-final-p1,GreenBond_relative,CPI_yoy_change.l1,-0.004024497251337079,-0.002674700817817844,0.01433065027203012,-0.03456386712362946,-0.028719049096329146,-0.017466988412582943,0.008585547736374509,0.018632639061192568,0.024101503440902793,0.39053333333333334,0.6094666666666667,FALSE,FALSE,FALSE,60000
BVAR-SV-final-p1,GreenBond_relative,EUA_ret.l1,-1.4477375419505374e-4,-9.282726483283554e-5,4.734225732550033e-4,-0.0011853946184312032,-9.749545418224822e-4,-5.88392381285421e-4,2.650936514224187e-4,5.962771141863929e-4,7.641584104019131e-4,0.3832333333333333,0.6167666666666667,FALSE,FALSE,FALSE,60000
BVAR-SV-final-p1,GreenBond_relative,GreenBond_relative.l1,0.05330766316422133,0.05284126019003242,0.0796565134099121,-0.10069975835941,-0.07616508933330014,-0.025389094907799777,0.13198836616950796,0.18481183744230797,0.2113746535250181,0.7489833333333333,0.25101666666666667,FALSE,FALSE,FALSE,60000
BVAR-SV-final-p1,GreenBond_relative,GreenEquity_relative.l1,4.853789731341861e-4,3.777493516214672e-4,8.532856941705421e-4,-0.001058948302248611,-7.728144507929183e-4,-2.563284511551937e-4,0.0013256309072447179,0.0020091563454907985,0.002360400374583424,0.7080666666666666,0.2919333333333333,FALSE,FALSE,FALSE,60000
BVAR-SV-final-p1,GreenBond_relative,IP_growth.l1,-4.6084985525728724e-4,-3.079589845246881e-4,0.0018809011274543912,-0.0044052987232754874,-0.0036877441992302,-0.0022380458467172208,0.0011968106892977846,0.0025514515933519263,0.003303049238246826,0.4033333333333333,0.5966666666666667,FALSE,FALSE,FALSE,60000
BVAR-SV-final-p1,GreenBond_relative,Power_ret.l1,-7.15361137328172e-4,-5.913015479538523e-4,0.0010551378341666013,-0.003021101676431551,-0.0025961228047706266,-0.0017648523250073807,2.0107250560932654e-4,8.206432304118252e-4,0.001171355457594911,0.24905,0.75095,FALSE,FALSE,FALSE,60000
BVAR-SV-final-p1,GreenBond_relative,TTF_ret.l1,-1.85143557584713e-4,-1.4846874947646444e-4,2.765299684778185e-4,-8.046168604957112e-4,-6.839763793830707e-4,-4.557246227771076e-4,5.1896082199366094e-5,2.10096581528355e-4,2.991214368703372e-4,0.2513,0.7487,FALSE,FALSE,FALSE,60000
BVAR-SV-final-p1,GreenBond_relative,intercept,8.378047489817055e-5,8.439556067262372e-5,1.0715420793208801e-4,-1.2795556662104402e-4,-9.245694427039939e-5,-2.1859047448593735e-5,1.8981350341605227e-4,2.588546308356806e-4,2.934517763327249e-4,0.7846833333333333,0.21531666666666666,FALSE,FALSE,FALSE,60000
BVAR-SV-final-p1,GreenEquity_relative,Brent_ret.l1,-0.0017261764501235843,-8.036138337808102e-4,0.010564815233739502,-0.024560530173650653,-0.020031148466739687,-0.011268549966706,0.007352752881625196,0.014987641057298788,0.019270133578411872,0.44116666666666665,0.5588333333333333,FALSE,FALSE,FALSE,60000
BVAR-SV-final-p1,GreenEquity_relative,Bund2Y_change.l1,-0.14262566889253755,-0.07349735595469806,0.6927361181162207,-1.6583636910486765,-1.3522847957661515,-0.7730618029989961,0.45703497844233676,0.9430223569648675,1.211912473004742,0.4241333333333333,0.5758666666666666,FALSE,FALSE,FALSE,60000
BVAR-SV-final-p1,GreenEquity_relative,CISS_change.l1,-0.004257675890139995,-0.0025632400881579363,0.014114941032112647,-0.03577665448332955,-0.02932677134462908,-0.017080956599922054,0.007811142356443232,0.017297459412135823,0.022356995837175712,0.38798333333333335,0.6120166666666667,FALSE,FALSE,FALSE,60000
BVAR-SV-final-p1,GreenEquity_relative,CPI_yoy_change.l1,0.07466231503564698,0.03795253128881195,0.3687367087448963,-0.6505612613783858,-0.5045271385044269,-0.2406424059588625,0.40763281930576506,0.7158640059079926,0.8794163495130806,0.5742833333333334,0.4257166666666667,FALSE,FALSE,FALSE,60000
BVAR-SV-final-p1,GreenEquity_relative,EUA_ret.l1,-4.808541269350631e-4,-2.0641640277434348e-4,0.010934305442364147,-0.023731180393283806,-0.018983900062651212,-0.010191663635513349,0.009196864119564248,0.01749701247346407,0.021801362322858994,0.48363333333333336,0.5163666666666666,FALSE,FALSE,FALSE,60000
BVAR-SV-final-p1,GreenEquity_relative,GreenBond_relative.l1,-0.062394775942187335,-0.029564933836363407,0.46593389955003794,-1.0612184437828647,-0.8643222446398872,-0.4854872776573937,0.3471591578619965,0.6876437825638542,0.8691191761986159,0.4499166666666667,0.5500833333333334,FALSE,FALSE,FALSE,60000
BVAR-SV-final-p1,GreenEquity_relative,GreenEquity_relative.l1,0.071524234757334,0.07071226063185868,0.08003078079399853,-0.08320527225028584,-0.05885267497438503,-0.007949315309344921,0.15045722428504849,0.20491140479566822,0.2309099292509176,0.8147166666666666,0.18528333333333333,FALSE,FALSE,FALSE,60000
BVAR-SV-final-p1,GreenEquity_relative,IP_growth.l1,-0.005422917748067215,-0.0026319470707045324,0.051191356305599296,-0.11479325856422856,-0.09235184878771353,-0.05115274034726642,0.03899684375564235,0.07795118186334445,0.09973731088076648,0.4585666666666667,0.5414333333333333,FALSE,FALSE,FALSE,60000
BVAR-SV-final-p1,GreenEquity_relative,Power_ret.l1,-0.007117034354474147,-0.004105997029794202,0.02692891323788405,-0.06640415658256861,-0.054380116061465165,-0.03165301176823067,0.015758842136545093,0.03448889339659934,0.044711814494281556,0.4025166666666667,0.5974833333333334,FALSE,FALSE,FALSE,60000
BVAR-SV-final-p1,GreenEquity_relative,TTF_ret.l1,-0.0013356990312194687,-6.958622798167175e-4,0.006921368828012689,-0.016437318991876195,-0.013329596438119515,-0.007564102729625776,0.004557714167419428,0.009606020474456285,0.012390760109813078,0.42768333333333336,0.5723166666666667,FALSE,FALSE,FALSE,60000
BVAR-SV-final-p1,GreenEquity_relative,intercept,0.004610232650781266,0.004641562448093306,0.004365126024440008,-0.004112643788612592,-0.002648748269403172,3.119834435285814e-4,0.008929132149188727,0.011707336190425586,0.013080999714918053,0.85685,0.14315,TRUE,FALSE,FALSE,60000
BVAR-SV-final-p1,IP_growth,Brent_ret.l1,-6.753726412676899e-4,-3.0962434521142904e-4,0.003993757052322288,-0.009290996826443966,-0.007604332717882018,-0.004400373932388065,0.0028801027867759905,0.005641682663790185,0.007121471466323508,0.44455,0.55545,FALSE,FALSE,FALSE,60000
BVAR-SV-final-p1,IP_growth,Bund2Y_change.l1,-0.0013275681556045242,3.7882901999152993e-4,0.24580834799963447,-0.5139860518803958,-0.41266070056339965,-0.22550359451152285,0.22332347874036745,0.4066852871513575,0.5009969350850512,0.50125,0.49875,FALSE,FALSE,FALSE,60000
BVAR-SV-final-p1,IP_growth,CISS_change.l1,-0.0024764784043581622,-0.001768675530583644,0.005335502998067841,-0.014310714350300046,-0.01199661553621143,-0.0075557194986504254,0.002132693284702451,0.005482365580109266,0.007320732516166488,0.3275166666666667,0.6724833333333333,FALSE,FALSE,FALSE,60000
BVAR-SV-final-p1,IP_growth,CPI_yoy_change.l1,0.034527276794187205,0.022412217977368438,0.12987117083000368,-0.22017198762825743,-0.17131854328469903,-0.08087878447233152,0.1576819268578502,0.26104041054518123,0.3127406567702751,0.6013333333333334,0.39866666666666667,FALSE,FALSE,FALSE,60000
BVAR-SV-final-p1,IP_growth,EUA_ret.l1,9.16502976629505e-4,5.709410728991272e-4,0.003918261085247911,-0.006851423656772373,-0.005382827459235774,-0.002578463230145652,0.0045937475647622695,0.007699596924517081,0.009278122949969974,0.5886,0.4114,FALSE,FALSE,FALSE,60000
BVAR-SV-final-p1,IP_growth,GreenBond_relative.l1,-0.09936259212133274,-0.08192901288875643,0.16576611742581973,-0.4601490204280922,-0.39474480616409385,-0.26265976869284324,0.046095593654235406,0.15016021518740916,0.20601225991934194,0.27758333333333335,0.7224166666666667,FALSE,FALSE,FALSE,60000
BVAR-SV-final-p1,IP_growth,GreenEquity_relative.l1,0.002931141836353642,0.002064325872785635,0.007752289922163166,-0.011850694510830113,-0.009140091244617397,-0.0039012086035264864,0.010363336559465898,0.016518986147032212,0.01960722014845578,0.64145,0.35855,FALSE,FALSE,FALSE,60000
BVAR-SV-final-p1,IP_growth,IP_growth.l1,-0.23476738353943571,-0.23449506742146053,0.08302165207912833,-0.39744067261156957,-0.37183897458970694,-0.31721974828683885,-0.15209222582539722,-0.09869483114987233,-0.07246127412730251,0.00205,0.99795,TRUE,TRUE,TRUE,60000
BVAR-SV-final-p1,IP_growth,Power_ret.l1,0.005719737674716581,0.004494959496228763,0.009744834991119002,-0.011750291516300864,-0.008688015785875221,-0.0027481287166444637,0.015308695100555002,0.023176804239754763,0.027237094604551426,0.7174833333333334,0.2825166666666667,FALSE,FALSE,FALSE,60000
BVAR-SV-final-p1,IP_growth,TTF_ret.l1,5.756150600957616e-4,3.4079030293506115e-4,0.0025481633787305543,-0.004392954914825081,-0.0034732216397279103,-0.0016826550979989674,0.0029432532096881773,0.004990270275185651,0.006042265810510166,0.58365,0.41635,FALSE,FALSE,FALSE,60000
BVAR-SV-final-p1,IP_growth,intercept,0.0011528731911804105,0.0011557689855352519,7.595364563216531e-4,-3.427455842504515e-4,-9.944475173365946e-5,4.0207419502658536e-4,0.0019047210178110216,0.0024007256956583437,0.0026394317424723633,0.9359166666666666,0.06408333333333334,TRUE,FALSE,FALSE,60000
BVAR-SV-final-p1,Power_ret,Brent_ret.l1,-0.002646714207268036,-0.0015037999628688939,0.0089244432478655,-0.02258721547890628,-0.01844461837374971,-0.010808191484489459,0.00498502167975346,0.01095835457246472,0.0141499689972467,0.3948,0.6052,FALSE,FALSE,FALSE,60000
BVAR-SV-final-p1,Power_ret,Bund2Y_change.l1,0.012531810876850681,0.006202952719586105,0.5416897728582388,-1.1181213333366682,-0.88387859586119,-0.4712116848138084,0.4956349168172743,0.9130423381624793,1.1461335838288138,0.5108833333333334,0.48911666666666664,FALSE,FALSE,FALSE,60000
BVAR-SV-final-p1,Power_ret,CISS_change.l1,-0.004486512362401123,-0.003047646488249216,0.011351665772607449,-0.029859526440731258,-0.02445672570851386,-0.015105431883724173,0.005226422206269815,0.01263668818561428,0.016578375616462387,0.35295,0.64705,FALSE,FALSE,FALSE,60000
BVAR-SV-final-p1,Power_ret,CPI_yoy_change.l1,0.27142963609166687,0.22008217535258992,0.3281670128731214,-0.25089889293813256,-0.16279370483647382,-0.016778954327630925,0.5929356850924047,0.8756279261899358,1.027646165085511,0.8039666666666667,0.19603333333333334,FALSE,FALSE,FALSE,60000
BVAR-SV-final-p1,Power_ret,EUA_ret.l1,0.007492956663609322,0.005809483308235329,0.010003395822291634,-0.00889399017328338,-0.005947929545414065,-0.0011004967326857919,0.017364004601531733,0.025922501210640936,0.030512475430285332,0.7753666666666666,0.22463333333333332,FALSE,FALSE,FALSE,60000
BVAR-SV-final-p1,Power_ret,GreenBond_relative.l1,-0.024043971950725388,-0.008263197062732522,0.3584833439675329,-0.7780547007467239,-0.6346149836844444,-0.3551553651808759,0.29978381915683106,0.562004080610535,0.7009427466276016,0.479,0.521,FALSE,FALSE,FALSE,60000
BVAR-SV-final-p1,Power_ret,GreenEquity_relative.l1,0.004583475525942092,0.0025675675077263278,0.018248547921748966,-0.0309337826195359,-0.023839429421372644,-0.011098264179032256,0.02142572981956114,0.03649055450881994,0.04426411796915598,0.5921833333333333,0.40781666666666666,FALSE,FALSE,FALSE,60000
BVAR-SV-final-p1,Power_ret,IP_growth.l1,0.005592016885037896,0.0027116482041682974,0.04358123349701803,-0.08303790871935507,-0.06498985409793491,-0.031952778290516536,0.044481771858878257,0.0796404565046416,0.0994177901072466,0.5516666666666666,0.4483333333333333,FALSE,FALSE,FALSE,60000
BVAR-SV-final-p1,Power_ret,Power_ret.l1,0.23657748057929814,0.23430781289432467,0.09526205107369295,0.05566839531088925,0.0837225868548517,0.14171254310294576,0.3309003456140135,0.39804699440517616,0.42989094840418846,0.99565,0.00435,TRUE,TRUE,TRUE,60000
BVAR-SV-final-p1,Power_ret,TTF_ret.l1,0.001124092772899698,5.962383654024618e-4,0.005595579119654979,-0.009961800916241374,-0.0077439954305701195,-0.0036906602428987143,0.006188577023775916,0.010771830332556112,0.013323947746486412,0.5747166666666667,0.42528333333333335,FALSE,FALSE,FALSE,60000
BVAR-SV-final-p1,Power_ret,intercept,0.0026991283966273194,0.002648137137588163,0.003113829909906191,-0.0032544184040753216,-0.0023125637513365283,-3.905238675171775e-4,0.005778357561928286,0.007908975520596342,0.008976971272623086,0.80665,0.19335,FALSE,FALSE,FALSE,60000
BVAR-SV-final-p1,TTF_ret,Brent_ret.l1,0.02762558454893598,0.020531163904413133,0.03924224423084106,-0.03448574354888062,-0.023991509944682292,-0.0050934018416735624,0.06484416911121714,0.10104660490994755,0.12050542370348201,0.7611166666666667,0.23888333333333334,FALSE,FALSE,FALSE,60000
BVAR-SV-final-p1,TTF_ret,Bund2Y_change.l1,-0.5395044834231726,-0.2933403749949005,2.262047865486542,-5.535424249611263,-4.491610310197076,-2.5814040386557364,1.3975194630246197,2.978479887409437,3.838730817449207,0.4136,0.5864,FALSE,FALSE,FALSE,60000
BVAR-SV-final-p1,TTF_ret,CISS_change.l1,0.012528444004812631,0.007161722957823744,0.04563086484933841,-0.07474600777828642,-0.05774332645416196,-0.026794591867903932,0.05425697786955635,0.09301659483354172,0.11391222891239842,0.6002333333333333,0.39976666666666666,FALSE,FALSE,FALSE,60000
BVAR-SV-final-p1,TTF_ret,CPI_yoy_change.l1,0.08099008931680271,0.03812623288787928,1.1588526280054186,-2.303765401829492,-1.8217190181495915,-0.9341861863505267,1.1242551503290017,2.01585875204955,2.512763038574194,0.5289333333333334,0.4710666666666667,FALSE,FALSE,FALSE,60000
BVAR-SV-final-p1,TTF_ret,EUA_ret.l1,0.026983453528944542,0.02052305579951806,0.0389181299279401,-0.03718221967073733,-0.02630207256922613,-0.0059945380895480615,0.06473373483557977,0.09940916986619297,0.11687997259230838,0.7551166666666667,0.24488333333333334,FALSE,FALSE,FALSE,60000
BVAR-SV-final-p1,TTF_ret,GreenBond_relative.l1,-0.1338641163367395,-0.0652414174993541,1.3889559397939197,-3.044810161517454,-2.490429937563845,-1.425412516399602,1.129392772156363,2.1429315697488245,2.689253458172305,0.4625166666666667,0.5374833333333333,FALSE,FALSE,FALSE,60000
BVAR-SV-final-p1,TTF_ret,GreenEquity_relative.l1,-0.034108279674656704,-0.02287256493680116,0.07334275915479113,-0.20131500382356768,-0.16617606875994598,-0.10326835440779032,0.02788323062656439,0.07250933642166857,0.09756283513972366,0.3281,0.6719,FALSE,FALSE,FALSE,60000
BVAR-SV-final-p1,TTF_ret,IP_growth.l1,0.03954438949582917,0.02158304534635497,0.17317815319706184,-0.29871931859355866,-0.23265727339152054,-0.10879881694523988,0.19640918629616347,0.34205689772834297,0.4190207652279468,0.5845333333333333,0.41546666666666665,FALSE,FALSE,FALSE,60000
BVAR-SV-final-p1,TTF_ret,Power_ret.l1,-0.028680624571999835,-0.01796641776343272,0.08675343567355633,-0.22172393292332937,-0.1820935145844726,-0.1089206268771464,0.04533813321796526,0.10388603623411836,0.13499190131133237,0.37765,0.62235,FALSE,FALSE,FALSE,60000
BVAR-SV-final-p1,TTF_ret,TTF_ret.l1,0.08551933275570074,0.0845451081615118,0.08103696366913579,-0.0717197478810109,-0.0461913705516118,0.005078018999636178,0.16611984062746876,0.21944616573188425,0.2458723544518666,0.8544,0.1456,TRUE,FALSE,FALSE,60000
BVAR-SV-final-p1,TTF_ret,intercept,-7.683711714366277e-4,-7.830074704556129e-4,0.01082632330431448,-0.02179826095510343,-0.01853406237766874,-0.011518007012708342,0.009964873679040682,0.017026982732029475,0.02055505770237166,0.4713,0.5287,FALSE,FALSE,FALSE,60000
