Date,GB Corp Index,Corp Bond Index,GE Index TR,Stoxx600 TR,Power Energy Price,Brent,TTF,EUA,Bund 2Y,CPI EU,Industrial Production,CISS,EUA_ret,TTF_ret,Brent_ret,Power_ret,IP_growth,Bund2Y_change_bps,CPI_yoy_level,CPI_yoy_change,CISS_level,CISS_change,GE_return,Stoxx600_return,GreenEquity_relative,GreenEquity_relative_check,GreenBond_return,CorpBond_return,GreenBond_relative,GreenBond_relative_check
2014-03-31,100.4413,218.6191,708.68,614.69,33.78,107.76,21.168,4.64,0.00158,0.006,90.8,0.0027,,,,,,,0.006,,0.0027,,,,,,,,,
2014-04-30,101.8305,220.6311,695.48,624.31,32.74,108.07,19.704,5.42,0.0014,0.008,92.1,0.0026,0.15538144921339092,-0.07166894655436318,0.002872633212965603,-0.03127133943666527,0.014215657654013114,-0.018000000000000002,0.008,0.002,0.0026,-0.00010000000000000026,-0.018801830072647796,0.015528964197128126,-0.03433079426977592,-0.03433079426977534,0.013736189059676995,0.009161129905568721,0.004575059154108274,0.004575059154107941
2014-05-31,103.404,222.6026,767.16,640.55,31.21,109.41,19.022,5.05,0.00061,0.006,91.3,0.0023,-0.07070757216428647,-0.035225456758043006,0.01232312817362402,-0.04785901566030093,-0.008724155660337907,-0.079,0.006,-0.002,0.0023,-0.0002999999999999999,0.09809312990704733,0.025680142422936925,0.0724129874841104,0.07241298748410957,0.015333979729752478,0.008896042886433086,0.006437936843319392,0.006437936843319392
2014-06-30,104.3325,223.8519,759.14,637.2,31.27,112.36,17.291,5.81,0.00025,0.0069999999999999,90.9,0.0063,0.1401923275765513,-0.09541006913754124,0.02660570874734436,0.0019206151870618804,-0.004390786417490133,-0.036,0.0069999999999999,0.0009999999999999003,0.0063,0.004,-0.010509170952479607,-0.005243604266548907,-0.0052655666859307,-0.005265566685930312,0.008939268574067682,0.0055965535606352645,0.003342715013432418,0.003342715013433195
2014-07-31,105.3397,224.9635,719.64,626.78,30.6,106.02,18.528,6.21,0.0002199999999999,0.005,91.7,0.0072,0.06658032508156775,0.0690969664679324,-0.058080246676382785,-0.021659162511414642,0.008762378078986721,-0.0030000000000100016,0.005,-0.0019999999999999003,0.0072,0.0008999999999999998,-0.053435126645737796,-0.01648797616776143,-0.036947150477976365,-0.03694715047797681,0.009607451510472487,0.004953494345127041,0.004653957165345446,0.004653957165344669
2014-08-31,107.8881,227.5665,740.52,639.53,31.38,103.19,22.03,6.38,-0.00033,0.005,90.2,0.0093,0.027007201411310966,0.1731220594236671,-0.02705580643203742,0.025170738346551147,-0.016492952193841504,-0.054999999999989994,0.005,0.0,0.0093,0.0020999999999999994,0.028601555152556912,0.020137929700174695,0.008463625452382217,0.008463625452383022,0.02390421274876786,0.011504336546992455,0.012399876201775406,0.01239987620177585
2014-09-30,108.2758,227.9679,714.25,642.13,32.04,94.67,24.067,5.84,-0.00083,0.004,91.1,0.0233,-0.08843730051656284,0.08843644673601503,-0.08617478898682318,0.02081437489527227,0.009928377197334193,-0.05,0.004,-0.001,0.0233,0.014000000000000002,-0.03611960101009348,0.004057243834711066,-0.04017684484480455,-0.04017684484480509,0.003587096788314703,0.0017623261992456563,0.0018247705890690469,0.0018247705890689359
2014-10-31,109.31,228.9612,676.68,630.97,30.75,85.86,22.852,6.35,-0.00058,0.005,91.0,0.0233,0.08372401606446456,-0.051802966688050844,-0.09767909734438529,-0.041095127947631926,-0.00109829774906256,0.025,0.005,0.001,0.0233,0.0,-0.05403455350379094,-0.01753245757365285,-0.03650209593013809,-0.03650209593013773,0.009506206638491221,0.0043477273155652085,0.005158479322926013,0.005158479322926124
2014-11-30,110.5446,230.253,695.54,651.57,31.47,70.15,24.207,7.04,-0.00034,0.004,90.8,0.0051,0.10315335726535091,0.05760320667226315,-0.20208225624794451,0.023144716823788603,-0.0022002209096019243,0.023999999999999997,0.004,-0.001,0.0051,-0.0182,0.027490034683498088,0.03212651732297367,-0.004636482639475581,-0.004636482639475928,0.011231177128960823,0.005626147481942567,0.005605029647018256,0.005605029647017923
2014-12-31,112.1427,231.5099,640.42,643.24,31.58,57.33,21.296,7.27,-0.0011,-0.001,92.1,0.0072,0.032148121375476846,-0.12812258588172343,-0.20181175962817832,0.0034892977511806755,0.014215657654013114,-0.076,-0.001,-0.005,0.0072,0.0020999999999999994,-0.08256431117474161,-0.01286693016651519,-0.06969738100822642,-0.06969738100822659,0.014353108017522764,0.00544393282424771,0.008909175193275054,0.008909175193275276
2015-01-31,114.6811,233.6375,663.38,689.89,31.57,52.99,20.265,7.09,-0.00187,-0.005,91.4,0.1149,-0.025070951001391784,-0.04962400157248403,-0.07872083041562083,-0.00031670625759572246,-0.007629464801156338,-0.07699999999999999,-0.005,-0.004,0.1149,0.1077,0.035223767218806046,0.07001425960686092,-0.03479049238805487,-0.03479049238805518,0.02238306542485713,0.009148131701552487,0.013234933723304643,0.01323493372330431
2015-02-28,115.1234,234.997,733.88,738.07,30.52,62.58,23.056,7.1,-0.00229,-0.003,93.4,0.0411,0.0014094435032336872,0.12903077917689432,0.16634252173606567,-0.03382509615364393,0.02164586677469238,-0.042,-0.003,0.002,0.0411,-0.0738,0.10099754917586523,0.06750650645823075,0.03349104271763448,0.0334910427176351,0.0038493636647833895,0.005801979212930242,-0.0019526155481468521,-0.001952615548146408
2015-03-31,114.86,234.6578,732.81,750.44,29.48,55.11,21.567,6.94,-0.00255,-0.001,93.7,0.1731,-0.022793009528556674,-0.06676167058732219,-0.12711455034559194,-0.03467013909512051,0.0032068440095791573,-0.026000000000000023,-0.001,0.002,0.1731,0.132,-0.0014590679554986608,0.016621030124494673,-0.018080098079993334,-0.01808009807999359,-0.0022906011057184372,-0.00144446542003962,-0.0008461356856788171,-0.0008461356856785951
2015-04-30,113.449,233.4923,743.73,751.19,29.28,66.78,20.478,7.4,-0.00224,0.001,93.3,0.1043,0.06417822569141118,-0.05181322951721912,0.19207244662036427,-0.006807378228025129,-0.0042780813910781035,0.031000000000000038,0.001,0.002,0.1043,-0.0688,0.014791606186953743,0.0009989145959581336,0.01379269159099561,0.013792691590995587,-0.012360598704853842,-0.004979182565366003,-0.00738141613948784,-0.007381416139488728
2015-05-31,112.2809,232.4333,799.74,763.73,28.43,65.56,20.244,7.32,-0.00229,0.005,93.8,0.0937,-0.01086967223690416,-0.011492685800793545,-0.018437880639879722,-0.02945976343020229,0.005344748158880641,-0.005000000000000013,0.005,0.004,0.0937,-0.010599999999999998,0.07260860910200773,0.016555707792184293,0.05605290130982343,0.056052901309823495,-0.010349629594641918,-0.004545797971272414,-0.005803831623369504,-0.005803831623368727
2015-06-30,109.1802,227.8514,801.33,729.46,28.48,63.59,20.454,7.44,-0.00229,0.003,94.1,0.194,0.016260520871780537,0.01032000903198993,-0.030509528596311952,0.0017571608808664152,0.0031931905791555693,0.0,0.003,-0.002,0.194,0.1003,0.001986172400577857,-0.045909789180810456,0.04789596158138831,0.047895961581388556,-0.028004038947387677,-0.01990964006429241,-0.008094398883095266,-0.0080943988830956
2015-07-31,110.9857,230.6966,853.98,758.74,28.19,52.21,20.51,7.86,-0.0023499999999999,0.004,94.6,0.1637,0.054915757596114556,0.002734109700468057,-0.1971821778568561,-0.010234781417753691,0.0052994294664978625,-0.005999999999989998,0.004,0.001,0.1637,-0.030299999999999994,0.06363492706602969,0.0393546283324504,0.024280298733579286,0.024280298733578565,0.016401635995092256,0.012409765232190395,0.003991870762901861,0.003991870762901972
2015-08-31,110.0095,228.854,795.53,696.3,29.28,54.15,19.25,8.05,-0.00207,0.003,93.5,0.2947,0.023885484989357053,-0.06340151135049599,0.03648392602453887,0.037937383967089566,-0.011696039763190669,0.027999999999990012,0.003,-0.001,0.2947,0.131,-0.07089921511309694,-0.08587856076669098,0.014979345653594045,0.014979345653595169,-0.008834638484702673,-0.008019181671708786,-0.0008154568129938866,-0.0008154568129942197
2015-09-30,109.8293,227.2535,765.64,668.02,29.71,48.37,18.667,8.15,-0.00255,0.001,93.9,0.3357,0.0123458358222992,-0.030753801683333304,-0.1128781866121078,0.014579000381405471,0.004268949919575604,-0.04800000000000004,0.001,-0.002,0.3357,0.04099999999999998,-0.038296473819583454,-0.0414624887402919,0.0031660149207084487,0.0031660149207078103,-0.0016393834060091095,-0.007018111165598029,0.005378727759588919,0.005378727759588808
2015-10-31,111.3191,230.5225,874.08,722.01,29.61,49.56,17.989,8.64,-0.00317,0.002,94.1,0.2221,0.05838465556319283,-0.036996799069910935,0.024304269926049837,-0.0033715473610160807,0.002127660377117202,-0.061999999999999986,0.002,0.001,0.2221,-0.1136,0.13245981926949835,0.0777208760042134,0.054738943265284945,0.05473894326528575,0.013473509530785854,0.014282337076502394,-0.0008088275457165395,-0.0008088275457156513
2015-11-30,112.3803,232.1012,946.75,742.33,29.4,44.61,18.025,8.58,-0.00419,0.001,93.7,0.1073,-0.006968669316093301,0.0019992231904635283,-0.1052260076207685,-0.0071174677688641275,-0.004259857346958107,-0.10200000000000001,0.001,-0.001,0.1073,-0.11479999999999999,0.07986316213449651,0.027754899020997037,0.052108263113499476,0.05210826311349945,0.009487803370204162,0.00682501189664908,0.0026627914735550817,0.0026627914735549707
2015-12-31,111.4016,230.2065,953.72,705.0,29.5,37.28,14.786,8.25,-0.0034899999999999,0.002,93.7,0.1967,-0.03922071315328157,-0.19807889603610418,-0.17950105932278282,0.003395589001138344,0.0,0.07000000000001003,0.002,0.001,0.1967,0.08940000000000001,0.0073350605383026846,-0.05159608542115102,0.0589311459594537,0.05893114595945331,-0.008746965147503616,-0.008196751246899225,-0.0005502139006043905,-0.0005502139006049456
2016-01-31,112.9102,231.5724,909.14,660.1,29.54,34.74,13.376,6.05,-0.0049,0.003,95.3,0.2431,-0.3101549283038394,-0.10021873079256283,-0.07056522900443163,0.001355013757459389,0.01693162141578064,-0.14100000000001,0.003,0.001,0.2431,0.0464,-0.04787102960034151,-0.06580646411754376,0.017935434517202253,0.01793543451720181,0.013451122466020315,0.005915835407566128,0.0075352870584541876,0.007535287058454521
2016-02-29,113.6537,232.6331,894.74,645.53,29.08,35.97,12.193,5.0,-0.0057399999999999,-0.001,94.2,0.2943,-0.19062035960864976,-0.09260003976421816,0.03479349689457356,-0.015694624437915028,-0.011609629077839578,-0.08399999999998999,-0.001,-0.004,0.2943,0.051199999999999996,-0.015965924442415513,-0.022319653887675095,0.006353729445259582,0.006353729445259748,0.006563293348729182,0.004569966732508313,0.0019933266162208696,0.0019933266162207586
2016-03-31,115.1469,235.8788,915.31,654.57,28.83,39.6,11.937,5.2,-0.00489,0.0,93.6,0.1976,0.03922071315328135,-0.021219196465226187,0.09614386055290236,-0.008634141015007923,-0.006389798098770605,0.08499999999998994,0.0,0.001,0.1976,-0.09670000000000001,0.02272963243325954,0.013906846695618924,0.008822785737640615,0.008822785737641003,0.013052598635563406,0.013855579441354848,-0.0008029808057914423,-0.0008029808057915533
2016-04-30,114.9586,236.5074,928.06,666.03,28.08,48.13,12.779,6.17,-0.00485,-0.002,95.2,0.2158,0.17104021232991484,0.06816037851366508,0.19507656505458337,-0.026358932492700493,0.016949558313773316,0.0040000000000000105,-0.002,-0.002,0.2158,0.018199999999999994,0.013833580157849745,0.017356183068267583,-0.003522602910417838,-0.003522602910418171,-0.0016366409497523549,0.0026613832962478767,-0.004298024246000232,-0.004298024246000232
2016-05-31,115.5023,237.3138,936.96,682.66,27.19,49.69,14.238,6.08,-0.00517,-0.001,93.5,0.1629,-0.014694141939220806,0.10811124805511518,0.031898022299210904,-0.03220832051323086,-0.018018505502678472,-0.032,-0.001,0.001,0.1629,-0.0529,0.009544206024278523,0.02466221724766804,-0.015118011223389516,-0.015118011223389405,0.004718379635797909,0.0034038189029024224,0.0013145607328954867,0.0013145607328960418
2016-06-30,117.4173,239.5899,908.94,649.66,27.29,49.68,14.375,4.47,-0.00663,0.001,94.4,0.4696,-0.30761628735259827,0.009576140001732458,-0.00020126798900577114,0.0036710760758675853,0.009579636856813956,-0.14599999999999996,0.001,0.002,0.4696,0.30670000000000003,-0.030361506494550383,-0.049547782704457255,0.019186276209906872,0.019186276209907482,0.01644381280902163,0.009545395777520227,0.006898417031501403,0.0068984170315010696
2016-07-31,119.9371,243.6089,936.28,673.88,26.81,42.46,14.458,4.42,-0.00632,0.002,94.4,0.2762,-0.011248712535870675,0.005757307894691532,-0.15703998135011332,-0.017745382472379223,0.0,0.03099999999999995,0.002,0.001,0.2762,-0.19340000000000002,0.0296354916434165,0.03660290440385605,-0.006967412760439551,-0.006967412760439828,0.021233182699494257,0.016635358708628978,0.00459782399086528,0.004597823990865391
2016-08-31,119.8272,244.1864,970.47,678.87,27.56,47.04,12.673,4.46,-0.00625,0.002,94.4,0.1451,0.009009069942365944,-0.13177414847817825,0.10243584731526179,0.02759049389758994,0.0,0.006999999999999975,0.002,0.0,0.1451,-0.1311,0.035865913188496634,0.007377597683755788,0.028488315504740847,0.028488315504741124,-0.0009167337063660241,0.002367797597931265,-0.003284531304297289,-0.003284531304297733
2016-09-30,119.8297,244.0074,992.95,678.14,27.75,49.06,15.35,4.96,-0.0069299999999999,0.004,94.7,0.1901,0.1062569747048634,0.19164172793327872,0.04204573523997146,0.0068703940469858615,0.0031729270405769228,-0.06799999999998994,0.004,0.002,0.1901,0.044999999999999984,0.022899820079973487,-0.0010758949019065156,0.023975714981880003,0.02397571498187917,2.0863158958661643e-05,-0.000733315367877907,0.0007541785268365686,0.0007541785268367907
2016-10-31,118.3139,242.2227,989.3,671.13,28.95,48.3,17.791,5.9,-0.00626,0.005,95.3,0.1466,0.17354661017483775,0.14757723741943263,-0.015612478171816324,0.04233436382656075,0.006315810468124461,0.06699999999998998,0.005,0.001,0.1466,-0.04349999999999998,-0.0036826879809970237,-0.01039089740793031,0.006708209426933287,0.0067082094269333425,-0.012730306175866346,-0.007341001780139855,-0.005389304395726491,-0.005389304395726935
2016-11-30,116.4977,239.5697,906.23,678.2,29.38,50.47,18.213,4.58,-0.00735,0.0069999999999999,95.8,0.1541,-0.25325335278558025,0.023442913363767914,0.04394753969364418,0.014743966726726843,0.005232874316657643,-0.10899999999999999,0.0069999999999999,0.0019999999999999003,0.1541,0.007499999999999979,-0.08770448536933273,0.010479370799616028,-0.09818385616894876,-0.09818385616894826,-0.015469731647134388,-0.011013153445523116,-0.004456578201611272,-0.004456578201610939
2016-12-31,117.3124,241.0893,935.95,717.21,29.69,56.82,19.541,6.55,-0.008,0.011,95.5,0.1155,0.357766051521067,0.0703791975614001,0.11850927607387085,0.010496118029937218,-0.0031364374901299286,-0.06500000000000004,0.011,0.004000000000000099,0.1155,-0.03859999999999998,0.03226891928749431,0.05592645505433769,-0.023657535766843374,-0.023657535766843707,0.006968931600683348,0.0063230068004545,0.0006459248002288476,0.0006459248002294027
2017-01-31,116.3387,239.7289,967.05,714.99,30.68,55.7,20.749,5.35,-0.0070999999999999,0.017,95.5,0.1053,-0.2023684887392454,0.059983230366507545,-0.019908229492803464,0.03280068772338707,0.0,0.09000000000001004,0.017,0.006000000000000002,0.1053,-0.0102,0.03268814417740096,-0.0031001281636600098,0.03578827234106097,0.035788272341060356,-0.008334697646846578,-0.005658702728402076,-0.002675994918444502,-0.002675994918445279
2017-02-28,117.6883,242.616,1030.05,736.81,30.78,55.59,16.896,5.23,-0.00909,0.02,96.2,0.0764,-0.02268528283108351,-0.20542114522046306,-0.0019768179678605335,0.0032541519116775497,0.0073031101849760915,-0.1990000000000101,0.02,0.002999999999999999,0.0764,-0.02890000000000001,0.06311242331005573,0.0300615004709055,0.03305092283915023,0.03305092283915112,0.011533839782133626,0.011971244971302752,-0.00043740518916912663,-0.0004374051891685715
2017-03-31,116.9525,241.7353,1066.51,761.27,31.18,52.83,15.801,4.69,-0.0075,0.017,96.2,0.0516,-0.1089786956186436,-0.06700367835448917,-0.05092411778915329,0.012911735218897658,0.0,0.1590000000000001,0.017,-0.002999999999999999,0.0516,-0.024799999999999996,0.0347842905977247,0.03265803420386337,0.0021262563938613255,0.0021262563938602708,-0.0062717345991689655,-0.003636620653667322,-0.0026351139455016437,-0.0026351139455016437
2017-04-30,117.7101,243.0377,1084.1,776.32,28.01,51.73,16.182,4.57,-0.0074,0.02,96.9,0.0852,-0.02591937755207474,0.023826284216285742,-0.021041327160800982,-0.10721527435761358,0.007250161225059948,0.00999999999999994,0.02,0.002999999999999999,0.0852,0.0336,0.016358514334726237,0.019576715058645888,-0.003218200723919651,-0.0032182007239184296,0.006456952511120662,0.005373249473680453,0.001083703037440209,0.0010837030374395429
2017-05-31,118.1522,243.9482,1123.78,787.61,27.87,50.31,15.295,4.98,-0.0072299999999999,0.016,97.4,0.0118,0.08591668613044834,-0.05637353578278104,-0.027834019512196218,-0.0050107477781602405,0.005146691751768628,0.017000000000010063,0.016,-0.004,0.0118,-0.07339999999999999,0.03594785309149806,0.014438237169142276,0.021509615922355785,0.021509615922355618,0.0037488018878368834,0.0037393323335646045,9.469554272278913e-06,9.469554272723002e-06
2017-06-30,117.5073,242.5937,1115.32,767.72,27.72,47.92,14.84,5.02,-0.0058099999999999,0.015,97.3,0.0167,0.008000042667076102,-0.030199739863632225,-0.04867091069603324,-0.00539666717215459,-0.001027221456530114,0.14199999999999993,0.015,-0.0010000000000000009,0.0167,0.0049,-0.007556643524164741,-0.025577960147095347,0.018021316622930605,0.01802131662293066,-0.005473164543413844,-0.005567880173398265,9.471562998442096e-05,9.471562998442096e-05
2017-07-31,118.4043,244.4853,1070.87,765.02,27.67,52.65,14.966,5.22,-0.00688,0.015,98.1,0.0047,0.03906746819090956,0.008454723918932316,0.09413328477279048,-0.0018053805228674946,0.008188377379358514,-0.10700000000000995,0.015,0.0,0.0047,-0.012,-0.0406699570402953,-0.0035231060620350974,-0.037146850978260204,-0.03714685097826065,0.007604580044061393,0.0077671569080530745,-0.00016257686399168136,-0.00016257686399145932
2017-08-31,119.0939,245.8286,1083.0,758.97,28.36,52.38,16.451,5.93,-0.00733,0.017,99.1,0.0035,0.12752681111508668,0.0946053039791166,-0.005141399500418586,0.024630907865092144,0.010142074764624809,-0.044999999999999984,0.017,0.0020000000000000018,0.0035,-0.0012000000000000001,0.011263565806706843,-0.007939726352873322,0.019203292159580165,0.01920329215958,0.005807218227273481,0.005479360715113124,0.00032785751216035663,0.0003278575121601346
2017-09-30,118.6881,245.3299,1065.85,788.55,28.79,57.54,17.382,7.07,-0.00697,0.018,98.7,0.0075,0.17583626689884735,0.05504892237798531,0.09395551904383614,0.015048402960157414,-0.004044494896506379,0.036000000000000004,0.018,0.0009999999999999974,0.0075,0.004,-0.01596236512178706,0.03823356501079722,-0.05419593013258428,-0.05419593013258428,-0.0034132137332942847,-0.0020307097255871653,-0.0013825040077071193,-0.0013825040077064532
2017-10-31,119.9918,248.0402,1107.13,803.62,29.08,61.37,18.211,7.37,-0.00754,0.017,98.8,0.009,0.04155722629276393,0.046590619098414,0.06444075827760365,0.01002254804123437,0.00101265831438635,-0.05700000000000002,0.017,-0.0009999999999999974,0.009,0.0014999999999999996,0.03799847844222004,0.018930704701493717,0.019067773740726324,0.01906777374072649,0.01092436326189894,0.01098699440528872,-6.263114338977971e-05,-6.263114339055686e-05
2017-11-30,119.6382,247.6136,974.48,787.39,30.76,63.57,20.304,7.53,-0.0069,0.018,101.2,0.0013,0.02147733561055687,0.10879210385834925,0.03522054454731194,0.0561644919721247,0.0240011520995429,0.064,0.018,0.0009999999999999974,0.0013,-0.007699999999999999,-0.1276223649297199,-0.020402842231469265,-0.10721952269825064,-0.10721952269825072,-0.0029512186007227825,-0.001721363198821102,-0.0012298554019016805,-0.0012298554019011254
2017-12-31,119.2069,246.905,1014.55,793.07,28.56,66.87,19.625,8.15,-0.00639,0.016,101.3,0.0013,0.07912288544096935,-0.034013647303559935,0.05060877511756967,-0.0742080071660598,0.0009876544012721311,0.051000000000000004,0.016,-0.0019999999999999983,0.0013,0.0,0.04029644802192944,0.007187811718833537,0.033108636303095906,0.03310863630309588,-0.003611549651195922,-0.0028658193441977176,-0.0007457303069982046,-0.0007457303069984267
2018-01-31,118.5199,246.2436,1057.6,806.24,28.73,69.05,17.95,9.26,-0.00535,0.016,99.5,0.0013,0.12768612140531665,-0.0892141487341842,0.03208044378941377,0.005934735519814716,-0.017928767090090503,0.10400000000000001,0.016,0.0,0.0013,0.0,0.041557025683788495,0.016469974809863785,0.02508705087392471,0.02508705087392543,-0.005779759896410219,-0.0026823573931542555,-0.0030974025032559638,-0.003097402503256408
2018-02-28,118.6575,246.1878,1059.17,775.52,28.88,65.78,17.35,10.08,-0.00548,0.0139999999999999,98.6,0.0094,0.08484921398513423,-0.03399760854141931,-0.04851503909439003,0.005207441033427074,-0.009086382555957506,-0.01299999999999999,0.0139999999999999,-0.0020000000000001007,0.0094,0.0081,0.001483392421371299,-0.0388476928352226,0.0403310852565939,0.040331085256593124,0.0011603130436359521,-0.00022663055296145984,0.001386943596597412,0.001386943596597634
2018-03-31,118.56,245.9327,1035.55,760.1,28.6,70.27,18.206,13.26,-0.00614,0.016,99.1,0.0322,0.27419872211449414,0.04815870369022868,0.06602912444319475,-0.009742596198818454,0.005058179727353007,-0.066,0.016,0.0020000000000001007,0.0322,0.0228,-0.02255289599663257,-0.020083768525070766,-0.002469127471561805,-0.0024691274715618605,-0.0008220304614150464,-0.0010367380462668052,0.00021470758485175878,0.0002147075848523139
2018-04-30,118.6552,246.0361,1101.29,794.23,26.75,75.17,20.604,13.56,-0.00592,0.015,98.7,0.0025,0.022372297754532866,0.12373402162024183,0.06740724998527181,-0.06687224448379148,-0.004044494896506379,0.02199999999999997,0.015,-0.0010000000000000009,0.0025,-0.0297,0.061549533429541725,0.04392308827223079,0.017626445157310933,0.017626445157311266,0.000802646753758296,0.00042035186590094753,0.00038229488785734844,0.0003822948878566823
2018-05-31,118.2282,245.4304,1139.52,795.29,27.66,77.59,22.6,14.88,-0.00667,0.02,100.1,0.0798,0.0928937468926967,0.09246467457490137,0.03168633771648022,0.03345285289459676,0.014084739881738528,-0.07499999999999998,0.02,0.005000000000000001,0.0798,0.0773,0.034124901137710495,0.0013337361683172233,0.03279116496939327,0.03279116496939394,-0.003605153104701664,-0.0024648691484152607,-0.0011402839562864031,-0.001140283956285404
2018-06-30,118.3885,245.3176,1060.14,790.31,27.37,79.44,21.87,14.98,-0.00674,0.021,100.1,0.0516,0.0066979486841272085,-0.03283407158956386,0.023563466831059365,-0.010539803184024255,0.0,-0.007000000000000062,0.021,0.0010000000000000009,0.0516,-0.028199999999999996,-0.07220614623279875,-0.006281554458916538,-0.06592459177388221,-0.06592459177388299,0.0013549341574279339,-0.0004597064154578945,0.0018146405728858284,0.0018146405728846071
2018-07-31,118.8149,246.0001,1128.54,815.1,28.81,74.25,22.113,17.38,-0.00579,0.023,98.8,0.0135,0.1486041417481725,0.011049836186585171,-0.06756424205410827,0.05127502604384926,-0.013072081567352178,0.09500000000000003,0.023,0.0019999999999999983,0.0135,-0.0381,0.06252378705415396,0.03088553154678575,0.03163825550736821,0.031638255507369095,0.0035952305851640887,0.002778244866805224,0.0008169857183588647,0.0008169857183589757
2018-08-31,118.7787,246.0301,1148.67,797.66,30.32,77.42,25.837,21.06,-0.00611,0.022,99.9,0.0122,0.1920553868685837,0.1556419022279134,0.041807367466693,0.05108501167773394,0.011072080900685677,-0.032,0.022,-0.0010000000000000009,0.0122,-0.001299999999999999,0.017679989420051,-0.021628363605062262,0.03930835302511326,0.03930835302511221,-0.0003047220150724783,0.00012194373449947449,-0.0004266657495719528,-0.00042666574957117565
2018-09-30,118.2656,245.3249,1146.33,800.24,30.82,82.72,27.329,21.21,-0.00532,0.022,99.2,0.0059,0.007097261870761873,0.05614083633934985,0.06621626561061689,0.01635626911779875,-0.007031671363680658,0.07899999999999999,0.022,0.0,0.0059,-0.006300000000000001,-0.0020392163929310314,0.003229241181575304,-0.0052684575745063356,-0.005268457574506447,-0.00432915536343792,-0.0028704317009120572,-0.0014587236625258626,-0.0014587236625266398
2018-10-31,118.2359,244.8805,1024.27,755.99,31.44,75.47,24.333,16.36,-0.00624,0.023,99.7,0.131,-0.2596334374019902,-0.11611495568620755,-0.09172618446334191,0.019917137669036133,0.005027662676964972,-0.09199999999999998,0.023,0.0010000000000000009,0.131,0.12510000000000002,-0.11258537121875456,-0.05688353409810443,-0.05570183712065013,-0.05570183712064991,-0.00025116119902968137,-0.0018131180184601803,0.001561956819430499,0.001561956819430832
2018-11-30,117.9497,243.3063,1165.93,748.52,32.26,58.71,24.691,20.5,-0.00602,0.02,98.5,0.1288,0.2255855549697614,0.014605351008200262,-0.25112515622068265,0.025747105136056714,-0.012109128789749235,0.02199999999999997,0.02,-0.002999999999999999,0.1288,-0.0022000000000000075,0.12953888808385638,-0.009930224969233237,0.13946911305308962,0.1394691130530894,-0.002423518962050508,-0.006449193039161472,0.004025674077110963,0.0040256740771114075
2018-12-31,118.1868,243.8137,1118.73,707.68,33.26,53.8,21.982,24.73,-0.0062,0.016,98.8,0.1707,0.18759219538896232,-0.11621486811780901,-0.08733660290835576,0.030527401067718785,0.003041056575779244,-0.01799999999999996,0.016,-0.004,0.1707,0.04189999999999999,-0.04132493846869334,-0.05610590948957128,0.014780971020877942,0.014780971020877776,0.0020081612091287226,0.0020832656573714914,-7.510444824276874e-05,-7.510444824365692e-05
2019-01-31,119.3899,246.4626,1302.89,752.44,34.22,61.89,19.852,22.16,-0.00569,0.015,99.7,0.1034,-0.10972821965424195,-0.10191917892151414,0.14008514858353127,0.02845479469926593,0.009068072213969991,0.051000000000000004,0.015,-0.0010000000000000009,0.1034,-0.06729999999999998,0.1523907606590118,0.06132924510480375,0.09106151555420805,0.09106151555420894,0.010128184156894982,0.010805848763860482,-0.0006776646069655001,-0.000677664606964834
2019-02-28,120.3523,248.1568,1315.08,783.67,35.09,66.03,17.814,21.59,-0.00528,0.016,99.1,0.0556,-0.02605861735236692,-0.10832009271551657,0.0647505684552101,0.025105921131076236,-0.006036235631849962,0.04099999999999998,0.016,0.0010000000000000009,0.0556,-0.04780000000000001,0.009312626269992741,0.04066675414723875,-0.03135412787724601,-0.03135412787724601,0.008028667207075735,0.006850546605034147,0.001178120602041588,0.001178120602041588
2019-03-31,122.302,251.6041,1366.66,799.81,35.25,68.39,14.213,21.47,-0.00611,0.016,99.3,0.0867,-0.005573632636026282,-0.22582762625280317,0.03511743090352493,0.004549339663153962,0.0020161297151846114,-0.083,0.016,0.0,0.0867,0.031100000000000003,0.03847230670031099,0.02038618608827747,0.01808612061203352,0.018086120612033074,0.01607012081624326,0.013796015962407537,0.0022741048538357234,0.0022741048538357234
2019-04-30,123.208,253.4116,1429.75,829.89,34.59,72.8,14.389,26.22,-0.0059,0.019,99.3,0.0143,0.19986586644486382,0.012306987024405913,0.06248934009263518,-0.01890090630920005,0.0,0.02100000000000001,0.019,0.002999999999999999,0.0143,-0.07239999999999999,0.04512979683181406,0.03691896242693282,0.00821083440488124,0.008210834404880907,0.007380588266987509,0.0071582238652929675,0.00022236440169454141,0.00022236440169431937
2019-05-31,122.8594,253.0215,1381.04,788.92,34.59,64.49,11.205,24.39,-0.00673,0.016,99.9,0.0821,-0.07234926610772474,-0.2501039185283904,-0.12120578218035405,0.0,0.006024114603381037,-0.083,0.016,-0.002999999999999999,0.0821,0.0678,-0.0346627652871323,-0.05062824035196645,0.015965475064834145,0.015965475064834478,-0.0028333719396664847,-0.0015405789122189262,-0.0012927930274475585,-0.0012927930274474475
2019-06-30,125.123,257.03,1422.68,824.16,34.7,66.55,10.117,26.26,-0.00758,0.016,98.5,0.0202,0.07387365664682122,-0.10214293002913655,0.03144337181883472,0.0031750640037357947,-0.014113137476464921,-0.085,0.016,0.0,0.0202,-0.06190000000000001,0.029705578272550603,0.04369976428197209,-0.013994186009421483,-0.013994186009421372,0.01825664137515659,0.015718344246077542,0.002538297129079048,0.002538297129079048
2019-07-31,126.8968,260.7021,1413.46,826.74,33.88,65.17,10.998,27.95,-0.00785,0.0139999999999999,98.4,0.0139,0.062370330726458256,0.08349626086186923,-0.020954304496831888,-0.0239148171689596,-0.0010157441198357375,-0.02699999999999994,0.0139999999999999,-0.0020000000000001007,0.0139,-0.0063,-0.006501817597309945,0.003125570416592005,-0.00962738801390195,-0.00962738801390195,0.014076904204673113,0.014185566542780137,-0.00010866233810702397,-0.00010866233810724601
2019-08-31,127.7796,262.3626,1405.28,815.58,36.65,60.43,12.797,26.31,-0.00933,0.0139999999999999,98.7,0.1371,-0.06046810454890705,0.15149733036983593,-0.07551356997082159,0.07858855854880664,0.0030441423812286317,-0.14800000000000005,0.0139999999999999,0.0,0.1371,0.1232,-0.005804028014726903,-0.013590739658654982,0.007786711643928079,0.00778671164392819,0.006932747092628588,0.006349140280777377,0.0005836068118512117,0.0005836068118509896
2019-09-30,126.6969,260.3568,1430.29,845.73,37.08,60.78,16.392,24.72,-0.00773,0.012,98.7,0.0727,-0.062336462462711406,0.24758264248113981,0.00577511711517964,0.01166431236499399,0.0,0.15999999999999998,0.012,-0.0019999999999998994,0.0727,-0.0644,0.017640649727369784,0.03630064315598158,-0.0186599934286118,-0.018659993428611577,-0.008509285006653045,-0.007674518469488412,-0.0008347665371646329,-0.0008347665371638557
2019-10-31,126.3819,259.8144,1413.83,854.55,37.19,60.23,16.133,25.61,-0.00668,0.011,99.3,0.0483,0.03537026762194406,-0.015926547252591572,-0.009090220433017215,0.002962167239324298,0.00606062461169099,0.10499999999999997,0.011,-0.0010000000000000009,0.0483,-0.024399999999999998,-0.011574886975766141,0.010374854863321126,-0.021949741839087267,-0.021949741839087378,-0.002489344525632653,-0.0020854680020070404,-0.00040387652362561255,-0.0004038765236262787
2019-11-30,125.9529,259.1626,1521.07,878.72,38.1,62.43,16.33,25.22,-0.00636,0.013,98.0,0.015,-0.015345569674660275,0.012137043298366734,0.03587536201802344,0.024174374195676585,-0.013178092380554673,0.032,0.013,0.002,0.015,-0.0333,0.07311170063360084,0.027891288545037085,0.045220412088563755,0.0452204120885632,-0.0034002477131984676,-0.0025118660083567335,-0.0008883817048417342,-0.0008883817048417342
2019-12-31,125.7904,259.0287,1598.27,897.47,40.14,66.0,12.051,24.52,-0.00612,0.016,96.4,0.0363,-0.028148219468763003,-0.30385626293711887,0.05560881295277209,0.05215906123553671,-0.01646127705407263,0.024000000000000063,0.016,0.003000000000000001,0.0363,0.0213,0.049507759701374,0.021113390480371308,0.02839436922100269,0.028394369221003135,-0.0012909977947339613,-0.0005167975725566265,-0.0007742002221773348,-0.0007742002221768907
2020-01-31,127.3954,262.0229,1683.75,886.91,37.91,58.16,9.755,23.82,-0.00674,0.017,98.7,0.0332,-0.028963547140856694,-0.2113676699701803,-0.12645690880116156,-0.057158413839948796,0.023578744822936315,-0.062000000000000076,0.017,0.0010000000000000009,0.0332,-0.0030999999999999986,0.052101654469187686,-0.011836182072757495,0.06393783654194518,0.06393783654194563,0.012678605987067826,0.011493038150407031,0.0011855678366607947,0.0011855678366604616
2020-02-29,127.1035,260.9729,1604.49,812.94,36.83,50.52,8.874,23.57,-0.00776,0.015,98.4,0.1703,-0.010550846979114237,-0.09465432111835659,-0.14082853574297305,-0.02890219907126923,-0.0030441423812286317,-0.10200000000000001,0.015,-0.0020000000000000018,0.1703,0.1371,-0.04821749966525868,-0.0870862054607704,0.038868705795511715,0.03886870579551127,-0.002293920547396411,-0.004015334007477556,0.0017214134600811448,0.0017214134600814779
2020-03-31,118.8042,243.0968,1397.14,694.95,35.18,22.74,6.902,17.59,-0.0070199999999999,0.012,87.7,0.6668,-0.29264415819857303,-0.25131442828090633,-0.7982438091599007,-0.045834991147561954,-0.11511890468007024,0.07400000000001009,0.012,-0.002999999999999999,0.6668,0.49649999999999994,-0.13837865907763103,-0.1568174055556275,0.01843874647799648,0.018438746477996704,-0.06752495534943304,-0.07095685258605489,0.0034318972366218503,0.003431897236621073
2020-04-30,123.239,252.1696,1525.66,740.13,32.52,25.27,6.221,19.51,-0.00777,0.0069999999999999,71.5,0.3808,0.10359659588555337,-0.10388055914292904,0.10549243307771272,-0.078622454629802,-0.20422444967817555,-0.07500000000001004,0.0069999999999999,-0.0050000000000001,0.3808,-0.2859999999999999,0.08799981331984252,0.06298594591395901,0.025013867405883516,0.02501386740588285,0.0366487996079492,0.03664215908266044,6.640525288759136e-06,6.640525289536292e-06
2020-05-31,123.4361,252.6078,1650.85,765.33,29.76,35.33,4.385,21.33,-0.00668,0.005,80.9,0.246,0.08918737784823927,-0.3497410397087364,0.335114539970951,-0.08869007471471901,0.1235163743644847,0.10899999999999999,0.005,-0.0019999999999999003,0.246,-0.13480000000000003,0.07886320346326237,0.03348126691643927,0.0453819365468231,0.045381936546823654,0.0015980538120450305,0.0017362112886862846,-0.0001381574766412541,-0.0001381574766416982
2020-06-30,125.0627,255.9397,1647.84,788.72,28.98,41.15,6.163,26.95,-0.00695,0.008,88.4,0.2004,0.23386876487174701,0.3403740461559599,0.15249146575202532,-0.026559273072354728,0.08865814557915197,-0.02699999999999994,0.008,0.003,0.2004,-0.0456,-0.001824967387297427,0.030104264905619793,-0.03192923229291722,-0.03192923229291755,0.013091598284102446,0.01310378155953451,-1.2183275432064988e-05,-1.2183275431620899e-05
2020-07-31,126.703,259.7908,1865.08,781.2,28.05,43.3,6.023,26.23,-0.0072,0.008,92.4,0.1321,-0.0270795034762239,-0.02297819791852218,0.0509287078853653,-0.03261730492383075,0.04425500900403989,-0.025000000000000022,0.008,0.0,0.1321,-0.0683,0.12383860822280113,-0.009580179264261801,0.13341878748706293,0.13341878748706237,0.01303055348317983,0.014934821895170813,-0.0019042684119909836,-0.0019042684119908726
2020-08-31,126.8807,260.2458,2082.71,805.06,30.76,45.28,11.239,28.64,-0.00658,0.003,93.7,0.0755,0.08790054821366233,0.6238043984745463,0.044712798886483274,0.09222651266873783,0.013971210596738004,0.061999999999999986,0.003,-0.005,0.0755,-0.0566,0.1103659826927954,0.030085609799997748,0.08028037289279766,0.08028037289279799,0.0014015098690256522,0.0017498772821120667,-0.0003483674130864145,-0.00034836741308708064
2020-09-30,127.3042,261.0383,2124.6,793.74,30.04,40.95,13.286,26.93,-0.00705,0.002,94.3,0.1239,-0.06156343526893737,0.16732097670691903,-0.10051362359584903,-0.023685317741509504,0.006383000395035587,-0.04699999999999999,0.002,-0.001,0.1239,0.0484,0.019913619052825737,-0.014160857100177893,0.03407447615300363,0.0340744761530033,0.0033322230539134523,0.003040570815644905,0.00029165223826854714,0.0002916522382688802
2020-10-31,128.1945,263.063,2244.42,753.21,28.59,37.46,14.061,23.71,-0.00798,0.003,96.7,0.1197,-0.12734400674619328,0.0566941583656293,-0.08907811328313597,-0.049472820561713426,0.025132212819836575,-0.09299999999999994,0.003,0.001,0.1197,-0.004199999999999995,0.05486358655874657,-0.0524118783213412,0.10727546488008777,0.1072754648800881,0.0069691439010037826,0.007726407366014598,-0.0007572634650108157,-0.0007572634650107046
2020-11-30,129.4506,265.7639,2754.64,857.46,29.38,47.59,15.138,29.14,-0.00749,0.002,99.0,0.0535,0.20621490068974468,0.07380313127829696,0.23934895811707646,0.027257164411510715,0.02350644767534149,0.04899999999999991,0.002,-0.001,0.0535,-0.06620000000000001,0.20483962663773791,0.12963045734075607,0.07520916929698185,0.07520916929698185,0.00975069933081496,0.010214773433968816,-0.00046407410315385533,-0.0004640741031530782
2020-12-31,129.7026,266.2077,3089.98,879.59,30.52,51.8,19.123,32.59,-0.00715,0.002,98.3,0.0249,0.11189369208241162,0.2336836601938619,0.08476749413241835,0.03806803567052519,-0.007095822981469269,0.034,0.002,0.0,0.0249,-0.0286,0.11487785583653753,0.025481359090220757,0.08939649674631678,0.089396496746317,0.0019447962010650244,0.001668510510556942,0.0002762856905080824,0.00027628569050741625
2021-01-31,129.5275,265.894,3032.94,873.0,31.9,55.88,19.819,32.89,-0.00738,0.012,99.7,0.0177,0.00916316735149536,0.035749274461373215,0.07581638512332356,0.04422380337454257,0.014141649814671808,-0.023000000000000017,0.012,0.01,0.0177,-0.007199999999999998,-0.018632172279698267,-0.00752033397237728,-0.011111838307320987,-0.011111838307320987,-0.0013509235743045522,-0.0011790980421375608,-0.00017182553216699148,-0.00017182553216732455
2021-02-28,128.5269,263.8353,2704.47,894.28,32.74,66.13,15.694,37.23,-0.00668,0.013,98.6,0.0096,0.1239462276836596,-0.23336259983692909,0.16841596729781028,0.025991562152190006,-0.01109441535920297,0.07,0.013,0.0009999999999999992,0.0096,-0.008100000000000001,-0.1146264864726847,0.024083369402456256,-0.13870985587514095,-0.13870985587514095,-0.0077549928593469986,-0.007772688294311436,1.7695434964437595e-05,1.7695434964992707e-05
2021-03-31,128.8035,264.3907,2823.25,951.73,33.12,63.54,18.994,42.48,-0.00695,0.017,99.9,0.0028,0.1319184890490579,0.190844666115479,-0.03995287284520099,0.011539757574070109,0.013098424045918655,-0.02699999999999994,0.017,0.004000000000000002,0.0028,-0.006799999999999999,0.04298274397722679,0.06226245587803003,-0.019279711900803242,-0.019279711900802576,0.002149766265667985,0.0021028885540328446,4.687771163514043e-05,4.687771163514043e-05
2021-04-30,128.8921,264.4346,2706.77,972.79,34.45,67.25,23.285,48.75,-0.0069,0.02,100.6,0.0084,0.1376718205101728,0.2036862366135801,0.05674738964057813,0.03937166794260882,0.006982572011130728,0.00499999999999997,0.02,0.002999999999999999,0.0084,0.005599999999999999,-0.042132661504999724,0.021886850433715743,-0.06401951193871547,-0.06401951193871613,0.000687633032858237,0.0001660283655144923,0.0005216046673437447,0.0005216046673437447
2021-05-31,128.7119,264.0757,2651.18,997.96,35.73,69.32,25.123,51.62,-0.00668,0.023,99.4,0.0107,0.057203996846611815,0.0759743847864427,0.030316446365456606,0.03648167457565066,-0.012000144003110336,0.02199999999999997,0.023,0.002999999999999999,0.0107,0.0023,-0.020751218208706845,0.025544963794108533,-0.04629618200281538,-0.0462961820028156,-0.0013990468268545442,-0.0013581572778003093,-4.088954905423492e-05,-4.0889549055012075e-05
2021-06-30,129.1644,265.1677,2699.89,1012.89,38.59,75.13,34.622,56.31,-0.00667,0.022,99.9,0.0164,0.08696294497605894,0.32070555693375447,0.08048648153366411,0.07700250351420879,0.005017571991979608,0.001000000000000046,0.022,-0.0010000000000000009,0.0164,0.005700000000000002,0.018206207531680896,0.014849714653197843,0.0033564928784830528,0.0033564928784830528,0.003509438164123857,0.00412665155450842,-0.0006172133903845634,-0.0006172133903836752
2021-07-31,130.6229,268.1926,2571.91,1033.73,39.39,76.33,40.756,53.28,-0.00767,0.025,101.1,0.0043,-0.05531111303439307,0.16311374995750105,0.015846099429309923,0.020518801433287326,0.01194044037191766,-0.1,0.025,0.0030000000000000027,0.0043,-0.012100000000000001,-0.04856221790043591,0.020365989112149485,-0.0689282070125854,-0.06892820701258529,0.011228534450602012,0.011342923094876056,-0.00011438864427404383,-0.00011438864427426587
2021-08-31,130.1212,267.1008,2781.64,1056.22,43.24,72.99,50.338,60.72,-0.00722,0.032,99.1,0.0062,0.13071210685524104,0.2111571909687724,-0.04474360034683844,0.09325401578819292,-0.019980684690483308,0.044999999999999984,0.032,0.006999999999999999,0.0062,0.0018999999999999998,0.07839186828176725,0.02152287678790543,0.05686899149386182,0.05686899149386193,-0.0038482222158178203,-0.004079263872852401,0.0002310416570345808,0.00023104165703446977
2021-09-30,129.2829,265.3799,2558.09,1021.47,47.91,78.52,97.774,61.74,-0.00695,0.036,99.1,0.0141,0.01665888598663834,0.6638984339451812,0.07303092394472,0.1025582581240232,0.0,0.027000000000000027,0.036,0.003999999999999997,0.0141,0.0079,-0.08377979554593562,-0.03345373065037727,-0.05032606489555835,-0.05032606489555769,-0.006463297367117704,-0.006463730954267,4.3358714929553344e-07,4.335871488514442e-07
2021-10-31,128.2201,263.4106,2773.04,1069.18,52.33,84.38,64.864,58.71,-0.0059099999999999,0.044,99.5,0.0106,-0.05032194899791875,-0.4103659227564025,0.07197703728793226,0.0882455694890858,0.004028202828604499,0.10400000000000999,0.044,0.008,0.0106,-0.0034999999999999996,0.08068330506526689,0.04564923326476311,0.035034071800503774,0.03503407180050244,-0.008254707983549103,-0.007448352814156678,-0.0008063551693924254,-0.0008063551693924254
2021-11-30,128.4824,263.9239,2587.84,1042.17,55.71,70.57,92.513,75.37,-0.00746,0.052,100.6,0.1214,0.24979924777928453,0.3550564049144338,-0.17872528168345436,0.06258984364860787,0.010994613501091877,-0.15500000000001,0.052,0.008,0.1214,0.1108,-0.06912064041495913,-0.02558692171668664,-0.043533718698272494,-0.04353371869827194,0.0020436115058330984,0.0019467725404425096,9.683896539058878e-05,9.683896539036674e-05
2021-12-31,128.3665,263.6373,2500.41,1098.69,59.52,77.78,70.343,80.22,-0.00636,0.053,102.3,0.0511,0.06236354248652809,-0.2739658990618885,0.0972792037148631,0.06615272649211246,0.0167574152919423,0.10999999999999995,0.053,0.0010000000000000009,0.0511,-0.0703,-0.03436883249769451,0.05281348320094548,-0.08718231569863999,-0.08718231569864043,-0.0009024761863214437,-0.001086509122331769,0.00018403293601032544,0.0001840329360115467
2022-01-31,126.5367,260.1542,2222.6,1056.63,66.72,91.21,84.672,88.89,-0.00536,0.0559999999999999,101.8,0.0618,0.1026267899116764,0.18540169237035542,0.15928021146446536,0.11419236752565443,-0.004899568841159052,0.1,0.0559999999999999,0.0029999999999998986,0.0618,0.010700000000000001,-0.11777703665821626,-0.03903396271412074,-0.07874307394409552,-0.07874307394409552,-0.014357069119455446,-0.013299762756034283,-0.0010573063634211621,-0.0010573063634223834
2022-02-28,122.9655,253.6129,2588.1,1022.33,77.18,100.99,98.595,81.82,-0.00539,0.062,102.4,0.1371,-0.08287793775233077,0.1522355818911585,0.1018569618463987,0.1456355980589814,0.005876608488985191,-0.0029999999999999645,0.062,0.0060000000000001025,0.1371,0.0753,0.1522463339990967,-0.033000262360023846,0.18524659635912055,0.18524659635912133,-0.028628556444915354,-0.025465443360742412,-0.0031631130841729416,-0.0031631130841731636
2022-03-31,121.1356,250.5653,2518.98,1032.53,83.77,107.91,125.906,76.32,-0.0008,0.078,101.2,0.3673,-0.06958668536122126,0.24451504640163169,0.06627604433717682,0.08193459205624531,-0.011787955752041945,0.45899999999999996,0.078,0.016,0.3673,0.23020000000000002,-0.027069958088146606,0.009927765177486947,-0.03699772326563355,-0.036997723265633664,-0.01499324894168197,-0.012089523580389283,-0.002903725361292686,-0.002903725361292131
2022-04-30,117.7627,243.6972,2486.83,1025.09,91.01,109.34,99.45,84.04,0.00254,0.081,101.1,0.3362,0.09635784883676823,-0.23588059148529972,0.013164747091210849,0.08289444242354627,-0.0009886308269395627,0.334,0.081,0.0030000000000000027,0.3362,-0.031100000000000017,-0.012845250643763073,-0.007231687507217366,-0.005613563136545707,-0.005613563136545485,-0.028238996574942554,-0.027793094168020005,-0.00044590240692254923,-0.0004459024069224382
2022-05-31,115.8747,240.6995,2409.33,1015.69,99.73,122.84,94.004,83.66,0.00494,0.088,103.1,0.4022,-0.004531909962746994,-0.05631767074384886,0.11642040210576887,0.09149714382451268,0.01958926499648861,0.24,0.088,0.006999999999999992,0.4022,0.066,-0.03166010648425832,-0.00921222912574482,-0.0224478773585135,-0.022447877358513724,-0.016162147820949713,-0.012377203516586555,-0.003784944304363158,-0.003784944304362936
2022-06-30,111.5472,232.309,2284.61,934.23,114.6,114.81,144.514,89.88,0.00632,0.096,103.0,0.4614,0.07171448130307567,0.4300390541163761,-0.06760410746690138,0.13898126986686243,-0.0009704027932784243,0.138,0.096,0.008000000000000007,0.4614,0.059199999999999975,-0.05315336911035473,-0.08360080287990179,0.03044743376954706,0.030447433769546395,-0.03806161517402984,-0.035480885481645075,-0.0025807296923847645,-0.0025807296923850975
2022-07-31,116.7561,243.2287,2680.81,1006.52,133.14,110.01,190.915,78.27,0.00264,0.098,101.6,0.3969,-0.13831105950038136,0.27845191414257275,-0.042707317354376606,0.14995340189191797,-0.013685453085254373,-0.368,0.098,0.0020000000000000018,0.3969,-0.0645,0.15992365622180493,0.07453145513167847,0.08539220109012646,0.08539220109012757,0.04563932386623737,0.045933770967208076,-0.00029444710097070725,-0.0002944471009709293
2022-08-31,112.0684,232.9428,2498.81,955.68,159.28,96.49,239.907,79.61,0.01184,0.1009999999999999,103.2,0.3194,0.016975325283739906,0.22842304542938408,-0.13113189471905162,0.17926245358338377,0.01562531790308075,0.9199999999999999,0.1009999999999999,0.0029999999999998916,0.3194,-0.07749999999999996,-0.07030436911359583,-0.05183098673797115,-0.01847338237562468,-0.01847338237562557,-0.04097774440738089,-0.04320922313282427,0.002231478725443381,0.0022314787254444912
2022-09-30,108.2958,225.2044,2107.76,893.81,160.55,87.96,188.8,66.73,0.01747,0.109,104.4,0.696,-0.1764850861849716,-0.23956309453306446,-0.09255721034573217,0.007941760779582197,0.011560822401076365,0.563,0.109,0.008000000000000104,0.696,0.37659999999999993,-0.17018884634511622,-0.06692990436195512,-0.1032589419831611,-0.10325894198316032,-0.03424302707922955,-0.033784495602047215,-0.00045853147718233345,-0.0004585314771826665
2022-10-31,107.7158,225.4386,2179.13,950.54,161.51,94.83,123.352,79.97,0.01927,0.115,103.0,0.5939,0.18099693742828293,-0.42564619684234906,0.07520364920907596,0.005961639714898048,-0.01350068721890274,0.17999999999999994,0.115,0.006000000000000005,0.5939,-0.10209999999999997,0.03329994237247291,0.06153701953512414,-0.028237077162651225,-0.028237077162652002,-0.005370094882238163,0.0010394037900729458,-0.006409498672311109,-0.006409498672312108
2022-11-30,111.1349,231.7706,2366.45,1016.07,178.61,85.43,146.397,84.69,0.02112,0.111,103.5,0.3156,0.05734596658970936,0.17128005264492074,-0.10438848773210907,0.1006375976659708,0.004842624475787538,0.1850000000000001,0.111,-0.0040000000000000036,0.3156,-0.2783,0.08246522731494377,0.06666727924572502,0.015797948069218748,0.015797948069219414,0.031248501520520833,0.02770025133145282,0.003548250189068014,0.003548250189068569
2022-12-31,109.4271,227.6622,2374.84,981.76,176.52,85.91,76.315,81.49,0.02738,0.104,101.9,0.2981,-0.03851721760137927,-0.6514525981468875,0.005602909486437824,-0.011770473515045232,-0.0155796724767443,0.6260000000000001,0.104,-0.007000000000000006,0.2981,-0.017500000000000016,0.0035391249037051153,-0.03435064410410771,0.037889769007812824,0.0378897690078126,-0.015486204610106746,-0.017885138000752754,0.0023989333906460075,0.0023989333906460075
2023-01-31,111.9832,232.7202,2388.64,1047.89,177.76,84.49,57.352,90.25,0.02644,0.1,103.2,0.1481,0.10210328388086243,-0.2856617948165141,-0.01666705248521172,0.007000141489973188,0.012676912818783137,-0.09399999999999999,0.1,-0.00399999999999999,0.1481,-0.14999999999999997,0.005794099526944763,0.06518701824126616,-0.0593929187143214,-0.059392918714321064,0.023090285924292075,0.02197392220471528,0.0011163637195767961,0.0011163637195767961
2023-02-28,110.7785,229.3582,2360.74,1067.54,180.44,83.89,46.665,96.58,0.03128,0.099,104.1,0.0971,0.06778808323240515,-0.206213297532861,-0.0071267673065502635,0.014963986648875327,0.008683122573461155,0.48400000000000004,0.099,-0.0010000000000000009,0.0971,-0.051000000000000004,-0.01174903711304065,0.018578317586716686,-0.030327354699757336,-0.030327354699757447,-0.01081614788092633,-0.014551899968773263,0.003735752087846933,0.003735752087847266
2023-03-31,111.1447,231.6487,2360.84,1064.16,180.3,79.77,47.843,90.09,0.02673,0.083,101.5,0.3324,-0.06956250978204714,0.024930397688637917,-0.05035892293516486,-0.0007761823309238025,-0.025293177139081635,-0.4550000000000002,0.083,-0.016,0.3324,0.23529999999999995,4.235870196644953e-05,-0.0031711805906535773,0.003213539292620027,0.003213539292620138,0.0033002437994360534,0.009937026312724306,-0.006636782513288253,-0.006636782513288475
2023-04-30,111.9774,233.2694,2257.39,1090.19,179.09,79.54,38.538,85.63,0.02675,0.081,101.4,0.1458,-0.05077348162524764,-0.21628004920263733,-0.002887454143493784,-0.006733657430623374,-0.0009857073247587778,0.0019999999999999185,0.081,-0.0020000000000000018,0.1458,-0.18659999999999996,-0.04480820925756923,0.024166237423124848,-0.06897444668069408,-0.06897444668069452,0.007464109256853924,0.006972008898052273,0.0004921003588016504,0.0004921003588009842
2023-05-31,112.2569,233.6657,2236.88,1062.7,177.72,72.66,26.852,79.38,0.0270699999999999,0.071,101.9,0.1303,-0.07578924168318135,-0.3613044614272054,-0.0904690129864889,-0.007679194710940251,0.004918849071596121,0.03199999999999002,0.071,-0.010000000000000009,0.1303,-0.015500000000000014,-0.009127240857598196,-0.02553915358058667,0.016411912722988475,0.016411912722988586,0.002492929447016401,0.0016974525802684326,0.0007954768667479684,0.0007954768667488565
2023-06-30,111.8854,232.635,2267.38,1088.33,176.26,74.9,37.103,88.09,0.03188,0.064,102.5,0.0692,0.10411257176678479,0.32335752280137875,0.03036286373011876,-0.008249100396193754,0.005870858349783958,0.48100000000000986,0.064,-0.006999999999999992,0.0692,-0.0611,0.013542942089894261,0.023831571871945734,-0.010288629782051473,-0.010288629782051584,-0.003314861498070698,-0.004420759731178947,0.001105898233108249,0.0011058982331074718
2023-07-31,113.3433,235.078,2243.43,1111.66,175.68,85.56,28.366,85.69,0.03031,0.061,100.0,0.0828,-0.02762288644067734,-0.2685065840054679,0.13306399369103072,-0.0032960193503486224,-0.024692612590371255,-0.15699999999999986,0.061,-0.0030000000000000027,0.0828,0.013600000000000001,-0.010619035187713344,0.02120998241153771,-0.03182901759925105,-0.031829017599251386,0.01294613308369108,0.010446672286687608,0.002499460797003472,0.002499460797003805
2023-08-31,113.4882,235.4465,1948.46,1083.43,176.98,86.86,35.029,84.86,0.02967,0.059,99.7,0.0562,-0.009733292906847879,0.21098504496975856,0.01507974289247116,0.00737257351803855,-0.003004509020299473,-0.06400000000000017,0.059,-0.0020000000000000018,0.0562,-0.0266,-0.1409666277249224,-0.025722459218056493,-0.11524416850686592,-0.11524416850686536,0.0012776005070689322,0.0015663374610257463,-0.0002887369539568141,-0.0002887369539569251
2023-09-30,112.611,233.4242,1821.98,1065.41,173.17,95.31,41.859,81.67,0.03198,0.05,99.5,0.1015,-0.038316102403994634,0.17813053773600496,0.09283710984285864,-0.02176296087514462,-0.002008032803245463,0.23100000000000032,0.05,-0.008999999999999994,0.1015,0.04530000000000001,-0.06711549514504878,-0.016772232859178615,-0.05034326228587016,-0.05034326228586994,-0.0077594648835122015,-0.008626312288141591,0.0008668474046293895,0.0008668474046291674
2023-10-31,112.9689,234.3637,1698.33,1026.89,164.25,87.41,48.006,79.05,0.03011,0.036,99.2,0.0821,-0.032606173714703424,0.13701917551786247,-0.08652504435713837,-0.05288411359933942,-0.0030196298737195093,-0.187,0.036,-0.014000000000000005,0.0821,-0.0194,-0.07027840653299666,-0.036824884474611075,-0.03345352205838559,-0.033453522058385365,0.0031731577175602155,0.0040167830899440204,-0.000843625372383805,-0.0008436253723830278
2023-11-30,115.5605,239.756,1846.03,1094.92,164.06,82.83,42.091,70.81,0.02812,0.031,100.1,0.0954,-0.11008032999179829,-0.13149206198329688,-0.053819377982224026,-0.0011574427901166473,0.00903167203034716,-0.19900000000000023,0.031,-0.0049999999999999975,0.0954,0.013299999999999992,0.0833919720067744,0.06414648411061918,0.01924548789615521,0.019245487896154545,0.02268164275225093,0.022747557290180964,-6.59145379300341e-05,-6.591453793025615e-05
2023-12-31,118.6229,246.3011,2070.25,1136.87,155.13,77.04,32.35,78.06,0.02392,0.034,100.0,0.1245,0.09747752808878651,-0.2632199201658354,-0.07246554712030218,-0.055968739498363895,-0.0009995003330827146,-0.4199999999999999,0.034,0.0030000000000000027,0.1245,0.0291,0.11463198562878407,0.03759757102091843,0.07703441460786564,0.07703441460786509,0.026155351582957564,0.026933031695550724,-0.0007776801125931598,-0.0007776801125937149
2024-01-31,118.8794,246.6374,1855.08,1153.49,147.97,81.71,30.235,62.31,0.02415,0.031,99.1,0.0478,-0.22535583519633828,-0.06761382722173348,0.05885162590674575,-0.047253924561796445,-0.009040744652149435,0.023000000000000104,0.031,-0.0030000000000000027,0.0478,-0.07669999999999999,-0.10974155111756634,0.014513257066958829,-0.12425480818452517,-0.124254808184525,0.002159979922091715,0.00136447062737588,0.0007955092947158349,0.0007955092947160569
2024-02-29,117.9896,244.4607,1760.4,1176.38,135.8,83.62,24.865,54.27,0.02898,0.0279999999999999,99.2,0.0434,-0.1381503384808176,-0.19553900155847437,0.023106332531803275,-0.08582633538984741,0.0010085729548849898,0.48299999999999976,0.0279999999999999,-0.0030000000000001,0.0434,-0.004400000000000001,-0.052386765859306905,0.019649797206477082,-0.07203656306578399,-0.07203656306578327,-0.007513048862112015,-0.008864682042988292,0.0013516331808762772,0.0013516331808766102
2024-03-31,119.3424,247.4474,1875.3,1223.86,116.36,87.48,27.34,60.58,0.02846,0.026,98.6,0.018,0.10999321752377744,0.09488963912910187,0.04512746988014804,-0.15449438149759498,-0.006066752682237997,-0.05199999999999996,0.026,-0.001999999999999901,0.018,-0.025400000000000002,0.0632275906689399,0.03956787193025768,0.023659718738682223,0.023659718738682167,0.01140018751179106,0.012143474370367002,-0.0007432868585759422,-0.0007432868585757202
2024-04-30,118.4906,245.351,1753.58,1212.03,88.02,87.86,29.118,67.18,0.0302999999999999,0.026,99.4,0.0223,0.1034107785850562,0.06300570835533037,0.0043344427390659135,-0.27912477224405574,0.008080852053939047,0.18399999999999006,0.026,0.0,0.0223,0.004300000000000002,-0.06710923402670765,-0.00971315864734823,-0.057396075379359424,-0.05739607537935987,-0.007163039965780271,-0.008508195831854692,0.0013451558660744212,0.001345155866073533
2024-05-31,118.9232,246.005,1863.26,1252.17,86.83,81.62,34.223,72.6,0.03093,0.027,97.6,0.0103,0.07758933764660281,0.1615413930006877,-0.07367030856997392,-0.013611877310391485,-0.018274620243481365,0.06300000000000992,0.027,0.0010000000000000009,0.0103,-0.012,0.06066822913455461,0.032581406391835266,0.028086822742719342,0.02808682274271973,0.003644274079857901,0.0026620225913873696,0.0009822514884705313,0.0009822514884711975
2024-06-30,119.6559,247.6342,1629.57,1237.65,87.98,86.41,34.48,66.87,0.02828,0.026,99.0,0.0828,-0.08221448576486257,0.007481513143670515,0.057029079875648314,0.013157331848019815,0.014242356715542748,-0.26499999999999996,0.026,-0.0010000000000000009,0.0828,0.0725,-0.13401146539620878,-0.01166362597154258,-0.1223478394246662,-0.12234783942466598,0.006142217013442419,0.006600796352554283,-0.0004585793391118642,-0.0004585793391118642
2024-07-31,121.5398,251.8826,1663.19,1255.05,73.01,80.72,35.868,68.61,0.0252499999999999,0.0279999999999999,98.6,0.0717,0.02568786063691242,0.039466087294309116,-0.06811703380795375,-0.18651309785257908,-0.0040485885260004295,-0.3030000000000099,0.0279999999999999,0.001999999999999901,0.0717,-0.011099999999999999,0.020421268702200734,0.01396099219125535,0.006460276510945384,0.006460276510945662,0.015621657529479194,0.017010448661386235,-0.0013887911319070412,-0.0013887911319073742
2024-08-31,121.9188,252.6283,1538.33,1274.47,75.34,78.8,39.823,69.7,0.02388,0.024,99.0,0.0482,0.01576202106367841,0.10459910173402243,-0.024073379181520416,0.031414784195900936,0.0040485885260004295,-0.13699999999999024,0.024,-0.0039999999999998995,0.0482,-0.0235,-0.07804003260045711,0.015354993486809576,-0.09339502608726669,-0.09339502608726721,0.003113468213148174,0.002956132535643974,0.00015733567750420008,0.00015733567750453314
2024-09-30,123.302,255.7405,1564.04,1270.17,74.08,71.77,39.044,65.03,0.02064,0.021,98.0,0.0585,-0.0693516158854175,-0.019755419511105377,-0.09344643542185249,-0.016865611925971358,-0.010152371464017484,-0.32399999999999995,0.021,-0.002999999999999999,0.0585,0.010300000000000004,0.01657480480652218,-0.0033796561343919507,0.01995446094091413,0.01995446094091452,0.011281381268695156,0.0122440200131253,-0.0009626387444301443,-0.0009626387444300333
2024-10-31,123.1131,254.9554,1391.54,1228.74,70.69,73.16,40.588,64.58,0.02276,0.023,98.6,0.0228,-0.0069439365509316175,0.038783241104118016,0.019182262080684076,-0.04684147015506124,0.006103782938017055,0.21200000000000002,0.023,0.0019999999999999983,0.0228,-0.0357,-0.11686116971539207,-0.033161495685859244,-0.08369967402953282,-0.0836996740295334,-0.0015331855637361613,-0.003074630591259897,0.0015414450275237357,0.0015414450275239577
2024-11-30,124.8759,258.9389,1235.63,1242.58,72.63,72.94,47.811,68.4,0.01945,0.025,98.5,0.0582,0.05746805929837606,0.1637832821287697,-0.0030116381421310123,0.027073939435213745,-0.0010147134305462657,-0.33100000000000007,0.025,0.0020000000000000018,0.0582,0.0354,-0.11883008605853984,0.011200609139705442,-0.13003069519824528,-0.13003069519824476,0.014216999074780468,0.015503498632607027,-0.0012864995578265592,-0.0012864995578268923
2024-12-31,124.5577,257.9648,1221.94,1236.82,68.3,74.64,48.889,71.57,0.02077,0.027,98.2,0.0257,0.04530316712200122,0.022296683755171465,0.023039371158554367,-0.06146829304133217,-0.003050332817623236,0.13200000000000017,0.027,0.0019999999999999983,0.0257,-0.0325,-0.011141201762077557,-0.00464629375030956,-0.006494908011767997,-0.006494908011769023,-0.002551381791478846,-0.0037689850280067105,0.0012176032365278644,0.0012176032365280864
2025-01-31,125.1164,259.1064,1162.74,1315.4,71.42,76.76,53.237,82.19,0.0210999999999999,0.0279999999999999,99.4,0.0175,0.13835764840990183,0.0852012210284232,0.02800711460041061,0.0446681755895586,0.012145898302108549,0.03299999999998998,0.0279999999999999,0.0009999999999999003,0.0175,-0.008199999999999999,-0.0496604709235573,0.06159723240157877,-0.11125770332513607,-0.11125770332513601,0.004475441646077272,0.004415646645579585,5.97950004976866e-05,5.979500049757558e-05
2025-02-28,125.9168,260.6514,1203.56,1360.32,74.29,73.18,44.32,69.56,0.02021,0.027,100.1,0.0031,-0.166843950674326,-0.18331760089017246,-0.047761511548437774,0.03939841099741237,0.00701757265864611,-0.08899999999999013,0.027,-0.0009999999999999003,0.0031,-0.014400000000000001,0.03450454280499127,0.0335791643031742,0.0009253785018170646,0.0009253785018171756,0.0063768673810171705,0.005945094236415649,0.0004317731446015216,0.00043177314460118854
2025-03-31,124.7233,257.9399,1152.13,1308.14,75.03,74.74,40.667,66.66,0.02045,0.025,102.3,0.0111,-0.04258461660648827,-0.08601908968616279,0.021093264466276906,0.009911680393922317,0.021739986636406528,0.024000000000000063,0.025,-0.0019999999999999983,0.0111,0.008,-0.04367142845991445,-0.03911368524182812,-0.00455774321808633,-0.004557743218085955,-0.00952368771732548,-0.010457270337995261,0.0009335826206697817,0.0009335826206695597
2025-04-30,125.9903,260.5041,1142.83,1299.34,71.85,63.12,32.317,65.82,0.01683,0.024,99.5,0.1252,-0.012681329364400362,-0.22982354519035741,-0.16897774751971895,-0.04330742103260388,-0.027752028793034178,-0.3619999999999998,0.024,-0.0010000000000000009,0.1252,0.11410000000000001,-0.008104760786665999,-0.006749837706037098,-0.0013549230806289003,-0.0013549230806295665,0.01010723619282139,0.009891987983986716,0.000215248208834673,0.00021524820883511708
2025-05-31,126.6327,261.9226,1250.3,1362.03,70.12,64.15,34.228,69.61,0.01772,0.022,100.4,0.0177,0.055984491665381775,0.05745061499330051,0.016186414524026027,-0.02437255247200021,0.009004563093082396,0.08899999999999984,0.022,-0.0020000000000000018,0.0177,-0.10750000000000001,0.0898758801763293,0.04711979067603789,0.042756089500291417,0.04275608950029253,0.0050858503357638085,0.005430440235632439,-0.0003445898998686303,-0.0003445898998685193
2025-06-30,127.0268,262.6122,1252.5,1345.42,73.9,67.77,32.898,68.19,0.01857,0.023,100.4,0.025,-0.020610308648014275,-0.03963215690584221,0.054895528086376544,0.05250476790112302,0.0,0.085,0.023,0.0010000000000000009,0.025,0.007300000000000001,0.0017580314580660783,-0.012270001950063225,0.014028033408129303,0.014028033408128956,0.0031073176214579945,0.0026293790128066874,0.0004779386086513071,0.0004779386086511961
2025-07-31,127.7348,263.9995,1408.0,1358.42,70.74,72.53,35.279,72.25,0.0196,0.024,100.3,0.0266,0.05783440045998045,0.06987602041570451,0.06788065022729928,-0.04370164417682165,-0.000996512289739293,0.10299999999999997,0.024,0.0010000000000000009,0.0266,0.0015999999999999973,0.1170287037589679,0.009616027703932772,0.10741267605503513,0.10741267605503557,0.005558151799086808,0.005268789923592365,0.0002893618754944427,0.0002893618754943317
2025-08-31,127.8755,264.0566,1328.98,1371.23,75.0,68.12,31.622,72.6,0.01937,0.024,99.9,0.0125,0.004832594838208415,-0.10943480517771764,-0.06272941358083362,0.05847692975897534,-0.003996009313381954,-0.023000000000000104,0.024,0.0,0.0125,-0.014099999999999998,-0.05775852702693207,0.009385887598154952,-0.06714441462508702,-0.06714441462508805,0.0011008947151998072,0.00021626490148474176,0.0008846298137150654,0.0008846298137148434
2025-09-30,128.2644,265.0737,1326.37,1392.08,77.23,67.02,31.411,75.72,0.0201799999999999,0.026,100.4,0.0421,0.042077404510371785,-0.006694930849596492,-0.016279773485322835,0.029299869044862703,0.004992521603121247,0.08099999999999011,0.026,0.0019999999999999983,0.0421,0.029599999999999998,-0.0019658431773876828,0.015090884256700576,-0.01705672743408826,-0.017056727434087676,0.0030366241170547426,0.0038444264208461476,-0.000807802303791405,-0.0008078023037916271
2025-10-31,129.1019,266.9344,1499.06,1427.75,76.06,65.07,31.122,78.54,0.01966,0.025,100.3,0.0392,0.03656572280874215,-0.009243185441038637,-0.029527468802271528,-0.015265480081058769,-0.000996512289739293,-0.0519999999999899,0.025,-0.0009999999999999974,0.0392,-0.0029,0.12239235747234023,0.025300747037650062,0.09709161043469017,0.09709161043469001,0.006508256568102944,0.006995034801453137,-0.00048677823335019355,-0.0004867782333498605
2025-11-30,128.9052,266.2852,1627.42,1441.33,78.94,63.2,28.817,83.26,0.0202599999999999,0.024,100.2,0.0183,0.058360192616965456,-0.07694947382304163,-0.0291593123540812,0.037165567734587235,-0.000997506317125918,0.05999999999998992,0.024,-0.0010000000000000009,0.0183,-0.0209,0.0821576937426336,0.009466519869891776,0.07269117387274182,0.07269117387274157,-0.0015247645363949403,-0.0024350204710268386,0.0009102559346318984,0.0009102559346318984
2025-12-31,128.7294,265.7823,1717.94,1481.66,79.2,60.85,28.161,85.73,0.0212,0.023,100.4,0.0218,0.02923458092383502,-0.02302744875131202,-0.037892481719275395,0.0032882285856787874,0.001994018606865211,0.09400000000001005,0.023,-0.0010000000000000009,0.0218,0.0034999999999999996,0.0541299598750733,0.027596782417337984,0.026533177457735313,0.026533177457735646,-0.0013647237388552114,-0.001890362218170516,0.0005256384793153046,0.0005256384793150826
2026-01-31,129.6434,267.7995,1901.01,1529.39,81.69,70.69,39.285,79.8,0.02085,0.02,99.3,0.0336,-0.07167931823490115,0.33290472460482023,0.14989230074932625,0.03095529653339746,-0.011016636206502284,-0.03499999999999996,0.02,-0.002999999999999999,0.0336,0.011799999999999998,0.10125942526014686,0.0317058822447116,0.06955354301543526,0.06955354301543576,0.007075077660269713,0.00756101355063965,-0.00048593589036993734,-0.00048593589036993734
2026-02-28,130.3834,269.2608,1895.62,1588.37,79.74,72.48,31.959,69.02,0.01995,0.021,99.5,0.0112,-0.1451271867859063,-0.20638893533061475,0.02500654155186144,-0.024160253400568266,0.0020120731134198877,-0.09000000000000015,0.021,0.0010000000000000009,0.0112,-0.022399999999999996,-0.0028393620769842087,0.03783937007157778,-0.04067873214856199,-0.04067873214856235,0.005691736372894773,0.0054418604623140965,0.00024987591058067693,0.00024987591058123204
2026-03-31,127.6421,263.1527,2192.76,1466.64,82.2,118.35,50.757,71.47,0.02613,0.0279999999999999,100.3,0.0556,0.03488146356203092,0.4625957081475991,0.49033567422526847,0.0303839601089253,0.008008050803343103,0.6180000000000001,0.0279999999999999,0.006999999999999899,0.0556,0.044399999999999995,0.14561506251762601,-0.0797342628937221,0.2253493254113481,0.22534932541134756,-0.02124908697822292,-0.02294595459770843,0.0016968676194855092,0.0016968676194857313
2026-04-30,128.7856,265.6317,2259.96,1545.59,79.02,114.01,45.987,72.78,0.0264,0.032,100.4,0.0039,0.018163410952126036,-0.09869079159268912,-0.037360172114364154,-0.039454317078890355,0.000996512289739293,0.02699999999999994,0.032,0.004000000000000101,0.0039,-0.051699999999999996,0.030186089690152684,0.0524316442032573,-0.022245554513104615,-0.022245554513104282,0.008918752380370876,0.009376290835024115,-0.00045753845465323906,-0.0004575384546540162
